PeriodEnd,RateDaily,RateA,RateM,RateB
2019-01-31T00:00:00,1.1462,1.1417,1.1462,1.1601
2019-02-28T00:00:00,1.1383,1.1351,1.1383,1.1601
2019-03-31T00:00:00,1.1227,1.1299,1.1227,1.1601
2019-04-30T00:00:00,1.1216,1.1234,1.1216,1.1601
2019-05-31T00:00:00,1.1161,1.1187,1.1161,1.1601
2019-06-30T00:00:00,1.1375,1.1296,1.1375,1.1601
2019-07-31T00:00:00,1.1125,1.1211,1.1125,1.1601
2019-08-31T00:00:00,1.1003,1.1122,1.1003,1.1601
2019-09-30T00:00:00,1.0902,1.1011,1.0902,1.1601
2019-10-31T00:00:00,1.1148,1.1056,1.1148,1.1601
2019-11-30T00:00:00,1.1011,1.1049,1.1011,1.1601
2019-12-31T00:00:00,1.1228,1.1115,1.1228,1.1601
2020-01-31T00:00:00,1.1096,1.1108,1.1094,1.1019
2020-02-29T00:00:00,1.1027,1.0919,1.1027,1.1019
2020-03-31T00:00:00,1.1026,1.107,1.1026,1.1019
2020-04-30T00:00:00,1.0932,1.087,1.0932,1.1019
2020-05-31T00:00:00,1.1106,1.092,1.1106,1.1019
2020-06-30T00:00:00,1.1235,1.125,1.1235,1.1019
2020-07-31T00:00:00,1.1819,1.1439,1.1819,1.1019
2020-08-31T00:00:00,1.1953,1.1825,1.1953,1.1019
2020-09-30T00:00:00,1.1724,1.1794,1.1724,1.1019
2020-10-31T00:00:00,1.1659,1.1769,1.1659,1.1019
2020-11-30T00:00:00,1.1946,1.1837,1.1946,1.1019
2020-12-31T00:00:00,1.2228,1.2163,1.2228,1.1019
2021-01-31T00:00:00,1.2138,1.217,1.2138,1.1997
2021-02-28T00:00:00,1.2072,1.2096,1.2072,1.1997
2021-03-31T00:00:00,1.1743,1.191,1.1743,1.1997
2021-04-30T00:00:00,1.2034,1.1951,1.2034,1.1997
2021-05-31T00:00:00,1.223,1.2139,1.223,1.1997
2021-06-30T00:00:00,1.1851,1.2047,1.1851,1.1997
2021-07-31T00:00:00,1.1868,1.1827,1.1868,1.1997
2021-08-31T00:00:00,1.1799,1.1771,1.1799,1.1997
2021-09-30T00:00:00,1.1577,1.1778,1.1577,1.1997
2021-10-31T00:00:00,1.1564,1.1598,1.1564,1.1997
2021-11-30T00:00:00,1.1288,1.1411,1.1288,1.1997
2021-12-31T00:00:00,1.1377,1.1304,1.1377,1.1997
2022-01-31T00:00:00,1.1209,1.1325,1.1209,1.1816
2022-02-28T00:00:00,1.1223,1.1341,1.1223,1.1816
2022-03-31T00:00:00,1.1096,1.101,1.1096,1.1816
2022-04-30T00:00:00,1.0544,1.0831,1.0544,1.1816
2022-05-31T00:00:00,1.0732,1.0569,1.0732,1.1816
2022-06-30T00:00:00,1.0466,1.0574,1.0466,1.1816
2022-07-31T00:00:00,1.0224,1.0203,1.0224,1.1816
2022-08-31T00:00:00,1.0067,1.0122,1.0067,1.1816
2022-09-30T00:00:00,0.9788,0.9918,0.9788,1.1816
2022-10-31T00:00:00,0.9882,0.9832,0.9882,1.1816
2022-11-30T00:00:00,1.032,1.0204,1.032,1.1816
2022-12-31T00:00:00,1.0732,1.0585,1.0732,1.1816
2023-01-31T00:00:00,1.0858,1.0781,1.0858,0.997
2023-02-28T00:00:00,1.0602,1.0711,1.0602,0.997
2023-03-31T00:00:00,1.0872,1.0705,1.0872,0.997
2023-04-30T00:00:00,1.1032,1.0977,1.1032,0.997
2023-05-31T00:00:00,1.0653,1.0883,1.0653,0.997
2023-06-30T00:00:00,1.0918,1.0837,1.0918,0.997
2023-07-31T00:00:00,1.1019,1.1053,1.1019,0.997
2023-08-31T00:00:00,1.0839,1.0914,1.0839,0.997
2023-09-30T00:00:00,1.0587,1.0686,1.0587,0.997
2023-10-31T00:00:00,1.057,1.0566,1.057,0.997
2023-11-30T00:00:00,1.0907,1.0809,1.0907,0.997
2023-12-31T00:00:00,1.1039,1.0917,1.1039,0.997
2024-01-31T00:00:00,1.0855,1.0917,1.0855,1.0908
2024-02-29T00:00:00,1.0807,1.0794,1.0807,1.0908
2024-03-31T00:00:00,1.0811,1.087,1.0811,1.0908
2024-04-30T00:00:00,1.0684,1.0726,1.0684,1.0908
2024-05-31T00:00:00,1.0848,1.0807,1.0848,1.0908
2024-06-30T00:00:00,1.0706,1.0765,1.0706,1.0908
2024-07-31T00:00:00,1.0823,1.0851,1.0823,1.0908
2024-08-31T00:00:00,1.1053,1.1015,1.1053,1.0908
2024-09-30T00:00:00,1.1143,1.1107,1.1143,1.0908
2024-10-31T00:00:00,1.0856,1.0904,1.0856,1.0908
2024-11-30T00:00:00,1.0578,1.0636,1.0578,1.0908
2024-12-31T00:00:00,1.035,1.0479,1.035,1.0908
2025-01-31T00:00:00,1.0399,1.0348,1.0399,1.0823
2025-02-28T00:00:00,1.0401,1.0412,1.0401,1.0823
2025-03-31T00:00:00,1.0795,1.0789,1.0795,1.0823
2025-04-30T00:00:00,1.1347,1.1221,1.1347,1.0823
2025-05-31T00:00:00,1.1347,1.1276,1.1347,1.0823
2025-06-30T00:00:00,1.1771,1.1518,1.1771,1.0823
2025-07-31T00:00:00,1.1432,1.1698,1.1432,1.0823
2025-08-31T00:00:00,1.1607,1.1647,1.1607,1.0823
2025-09-30T00:00:00,1.1733,1.1732,1.1733,1.0823
2025-10-31T00:00:00,1.1542,1.1648,1.1542,1.0823
2025-11-30T00:00:00,1.1605,1.1564,1.1605,1.0823
2025-12-31T00:00:00,1.1734,1.1712,1.1734,1.0823
2026-01-31T00:00:00,1.1854,1.1731,1.1854,1.1432
2026-02-28T00:00:00,1.1815,1.1828,1.1815,1.1432
2026-03-31T00:00:00,1.1516,1.1571,1.1516,1.1432
2026-04-30T00:00:00,1.1729,1.1686,1.1729,1.1432
2026-05-31T00:00:00,1.166,1.1681,1.166,1.1432
2026-06-30T00:00:00,1.1416,1.151,1.1416,1.1432
2026-07-31T00:00:00,1.1517,1.1419,1.1517,1.1432
2026-08-31T00:00:00,1.1579,1.1419,1.1517,1.1432
2026-09-30T00:00:00,1.1579,1.1419,1.1517,1.1432
2026-10-31T00:00:00,1.1579,1.1419,1.1517,1.1432
2026-11-30T00:00:00,1.1579,1.1419,1.1517,1.1432
2026-12-31T00:00:00,1.1579,1.1419,1.1517,1.1432
2027-01-31T00:00:00,1.1579,1.1419,1.1517,1.1432
2027-02-28T00:00:00,1.1579,1.1419,1.1517,1.1432
2027-03-31T00:00:00,1.1579,1.1419,1.1517,1.1432
2027-04-30T00:00:00,1.1579,1.1419,1.1517,1.1432
2027-05-31T00:00:00,1.1579,1.1419,1.1517,1.1432
2027-06-30T00:00:00,1.1579,1.1419,1.1517,1.1432
2027-07-31T00:00:00,1.1579,1.1419,1.1517,1.1432
2027-08-31T00:00:00,1.1579,1.1419,1.1517,1.1432
2027-09-30T00:00:00,1.1579,1.1419,1.1517,1.1432
2027-10-31T00:00:00,1.1579,1.1419,1.1517,1.1432
2027-11-30T00:00:00,1.1579,1.1419,1.1517,1.1432
2027-12-31T00:00:00,1.1579,1.1419,1.1517,1.1432
2028-01-31T00:00:00,1.1579,1.1419,1.1517,1.1432
2028-02-29T00:00:00,1.1579,1.1419,1.1517,1.1432
2028-03-31T00:00:00,1.1579,1.1419,1.1517,1.1432
2028-04-30T00:00:00,1.1579,1.1419,1.1517,1.1432
2028-05-31T00:00:00,1.1579,1.1419,1.1517,1.1432
2028-06-30T00:00:00,1.1579,1.1419,1.1517,1.1432
2028-07-31T00:00:00,1.1579,1.1419,1.1517,1.1432
2028-08-31T00:00:00,1.1579,1.1419,1.1517,1.1432
2028-09-30T00:00:00,1.1579,1.1419,1.1517,1.1432
2028-10-31T00:00:00,1.1579,1.1419,1.1517,1.1432
2028-11-30T00:00:00,1.1579,1.1419,1.1517,1.1432
2028-12-31T00:00:00,1.1579,1.1419,1.1517,1.1432
2029-01-31T00:00:00,1.1579,1.1419,1.1517,1.1432
2029-02-28T00:00:00,1.1579,1.1419,1.1517,1.1432
2029-03-31T00:00:00,1.1579,1.1419,1.1517,1.1432
2029-04-30T00:00:00,1.1579,1.1419,1.1517,1.1432
2029-05-31T00:00:00,1.1579,1.1419,1.1517,1.1432
2029-06-30T00:00:00,1.1579,1.1419,1.1517,1.1432
2029-07-31T00:00:00,1.1579,1.1419,1.1517,1.1432
2029-08-31T00:00:00,1.1579,1.1419,1.1517,1.1432
2029-09-30T00:00:00,1.1579,1.1419,1.1517,1.1432
2029-10-31T00:00:00,1.1579,1.1419,1.1517,1.1432
2029-11-30T00:00:00,1.1579,1.1419,1.1517,1.1432
2029-12-31T00:00:00,,,,
