Branch,ParentItem2nd,CompItem2nd,CompBulk,CompGlobalBulk,CompItem2ndIM,CompBulkIM,CompBranch,TypeBOM,EffFrom,EffThru,Qty,QtyBatch,CompLineNum,RevLevel,UOM,IsCurrent,DWSource,CompIBSKey,ParentIBSKey
CIN2,U470,U470-OP,U470,U470,U470-OP,U470,CIN2,M,2020-12-01T00:00:00,2040-12-31T00:00:00,100.0,0.0,0.0,,LB,0,1,21185,20993
CIN2,U204-OP,U204,U204,U204,U204,U204,CIN2,M,2022-10-12T00:00:00,2040-12-31T00:00:00,45000.0,0.0,0.0,,LB,0,1,20146,20263
CIN2,U204-PL,U204,U204,U204,U204,U204,CIN2,M,2013-08-27T00:00:00,2040-12-31T00:00:00,4000.0,0.0,0.0,,LB,0,1,20146,20264
CIN2,ABEX2525-PD,ABEX2525,ABEX2525,ABEX2525,ABEX2525,ABEX2525,CIN2,M,2025-07-10T00:00:00,2040-12-31T00:00:00,46000.0,0.0,0.0,,LB,0,1,18249,22831
CIN2,HP1432AT,HP1432AT-OP,HP1432AT,HP1432AT,HP1432AT-OP,HP1432AT,CIN2,M,2023-03-27T00:00:00,2040-12-31T00:00:00,100.0,0.0,0.0,,LB,0,1,19980,19977
ORTC,U501,ABEX2525,ABEX2525,ABEX2525,ABEX2525,ABEX2525,ORTC,M,2019-03-26T00:00:00,2040-12-31T00:00:00,7.258,0.0,0.0,,LB,0,1,95706,95690
ORTC,U601,ABEX2525,ABEX2525,ABEX2525,ABEX2525,ABEX2525,ORTC,M,2019-03-26T00:00:00,2040-12-31T00:00:00,5.582,0.0,0.0,,LB,0,1,95706,95691
ORTC,HP302,ABEX2525,ABEX2525,ABEX2525,ABEX2525,ABEX2525,ORTC,M,2008-06-18T00:00:00,2040-12-31T00:00:00,10.0,0.0,2.0,,LB,0,1,95706,95693
ORTC,U1001,ABEX2525,ABEX2525,ABEX2525,ABEX2525,ABEX2525,ORTC,M,2014-03-10T00:00:00,2040-12-31T00:00:00,5.357,0.0,0.0,,LB,0,1,95706,95711
ORTC,U701,ABEX2525,ABEX2525,ABEX2525,ABEX2525,ABEX2525,ORTC,M,2019-03-26T00:00:00,2040-12-31T00:00:00,7.989,0.0,0.0,,LB,0,1,95706,95713
ORTC,U2022,ABEX2525,ABEX2525,ABEX2525,ABEX2525,ABEX2525,ORTC,M,2019-03-26T00:00:00,2040-12-31T00:00:00,11.1312,0.0,0.0,,LB,0,1,95706,95722
ORTC,U2023,ABEX2525,ABEX2525,ABEX2525,ABEX2525,ABEX2525,ORTC,M,2016-08-17T00:00:00,2040-12-31T00:00:00,11.1312,0.0,0.0,,LB,0,1,95706,95804
ORTC,U470,ABEX2525,ABEX2525,ABEX2525,ABEX2525,ABEX2525,ORTC,M,2016-08-25T00:00:00,2040-12-31T00:00:00,7.306,0.0,0.0,,LB,0,1,95706,95805
ORTC,U480,ABEX2525,ABEX2525,ABEX2525,ABEX2525,ABEX2525,ORTC,M,2016-08-25T00:00:00,2040-12-31T00:00:00,7.7025,0.0,0.0,,LB,0,1,95706,95806
ORTC,U701M,ABEX2525,ABEX2525,ABEX2525,ABEX2525,ABEX2525,ORTC,M,2014-02-05T00:00:00,2040-12-31T00:00:00,7.989,0.0,0.0,,LB,0,1,95706,95780
ORTC,U1092,ABEX2525,ABEX2525,ABEX2525,ABEX2525,ABEX2525,ORTC,M,2014-03-10T00:00:00,2040-12-31T00:00:00,9.2848,0.0,0.0,,LB,0,1,95706,95745
CIN2,U103,U101,U101,U101,U101,U101,CIN2,M,2008-06-23T00:00:00,2040-12-31T00:00:00,83.09,0.0,1.0,,LB,0,1,18218,18222
CIN2,U101-PL,U101,U101,U101,U101,U101,CIN2,M,2009-03-11T00:00:00,2040-12-31T00:00:00,4000.0,0.0,1.0,,LB,0,1,18218,18372
CIN2,U103C,U101,U101,U101,U101,U101,CIN2,M,2016-04-15T00:00:00,2040-12-31T00:00:00,83.09,0.0,0.0,,LB,0,1,18218,20923
CIN2,MC40EAF,161190PX-T2,161190PX,161190PX,161190PX-T2,161190PX,CIN2,M,2018-11-29T00:00:00,2040-12-31T00:00:00,62.1,0.0,0.0,,LB,0,1,22502,8916
CIN2,NM73R3X,161190PX-T2,161190PX,161190PX,161190PX-T2,161190PX,CIN2,M,2021-01-22T00:00:00,2040-12-31T00:00:00,24.38,0.0,0.0,,LB,0,1,22502,20554
CIN2,NM73,161190PX-T2,161190PX,161190PX,161190PX-T2,161190PX,CIN2,M,2018-07-16T00:00:00,2040-12-31T00:00:00,24.8,0.0,0.0,,LB,0,1,22502,20339
CIN2,HP1432AT-PL,HP1432AT,HP1432AT,HP1432AT,HP1432AT,HP1432AT,CIN2,M,2012-08-01T00:00:00,2040-12-31T00:00:00,4000.0,0.0,0.0,,LB,0,1,19977,19981
CIN2,UTS630,HP1432AT,HP1432AT,HP1432AT,HP1432AT,HP1432AT,CIN2,M,2025-03-03T00:00:00,2040-12-31T00:00:00,100.0,0.0,0.0,,LB,0,1,19977,22788
CIN2,U501,U501-OP,U501,U501,U501-OP,U501,CIN2,M,2020-11-16T00:00:00,2040-12-31T00:00:00,100.0,0.0,0.0,,LB,0,1,18413,18223
CIN2,U2023,U2023-OP,U2023,U2023,U2023-OP,U2023,CIN2,M,2022-10-11T00:00:00,2040-12-31T00:00:00,100.0,0.0,0.0,,LB,0,1,21168,20990
CIN2,U601-PL,U601,U601,U601,U601,U601,CIN2,M,2008-10-16T00:00:00,2040-12-31T00:00:00,4000.0,0.0,0.0,,LB,0,1,18224,18439
CIN2,JS037,U601,U601,U601,U601,U601,CIN2,M,2019-10-15T00:00:00,2040-12-31T00:00:00,100.0,0.0,0.0,,LB,0,1,18224,21718
CIN2,191245PX,191245PX-T2,191245PX,191245PX,191245PX-T2,191245PX,CIN2,M,2022-07-08T00:00:00,2040-12-31T00:00:00,100.0,0.0,0.0,,LB,0,1,21739,21730
ORTC,U102,U101,U101,U101,U101,U101,ORTC,M,2008-06-23T00:00:00,2040-12-31T00:00:00,83.0,0.0,1.0,,LB,0,1,95686,95688
ORTC,U103,U101,U101,U101,U101,U101,ORTC,M,2008-06-23T00:00:00,2040-12-31T00:00:00,83.09,0.0,1.0,,LB,0,1,95686,95689
ORTC,U101-PL,U101,U101,U101,U101,U101,ORTC,M,2009-01-13T00:00:00,2040-12-31T00:00:00,4000.0,0.0,1.0,,LB,0,1,95686,95721
ORTC,U101-T2,U101,U101,U101,U101,U101,ORTC,M,2008-10-14T00:00:00,2040-12-31T00:00:00,220000.0,0.0,1.0,,LB,0,1,95686,95727
ORTC,U101-KP,U101,U101,U101,U101,U101,ORTC,M,2009-01-09T00:00:00,2040-12-31T00:00:00,44100.0,0.0,1.0,,LB,0,1,95686,95738
ORTC,U101,MPEG2000,MPEG2000,MPEG2000,MPEG2000,MPEG2000,ORTC,M,2019-03-26T00:00:00,2040-12-31T00:00:00,0.4754,0.0,0.0,,LB,0,1,95700,95686
ORTC,U501,MPEG2000,MPEG2000,MPEG2000,MPEG2000,MPEG2000,ORTC,M,2019-03-26T00:00:00,2040-12-31T00:00:00,0.343,0.0,0.0,,LB,0,1,95700,95690
ORTC,U601,MPEG2000,MPEG2000,MPEG2000,MPEG2000,MPEG2000,ORTC,M,2019-03-26T00:00:00,2040-12-31T00:00:00,1.1451,0.0,0.0,,LB,0,1,95700,95691
ORTC,U1001,MPEG2000,MPEG2000,MPEG2000,MPEG2000,MPEG2000,ORTC,M,2014-03-10T00:00:00,2040-12-31T00:00:00,2.1982,0.0,0.0,,LB,0,1,95700,95711
ORTC,U701,MPEG2000,MPEG2000,MPEG2000,MPEG2000,MPEG2000,ORTC,M,2019-03-26T00:00:00,2040-12-31T00:00:00,0.391,0.0,0.0,,LB,0,1,95700,95713
ORTC,U601PREP,MPEG2000,MPEG2000,MPEG2000,MPEG2000,MPEG2000,ORTC,M,2011-03-04T00:00:00,2040-12-31T00:00:00,4.17,0.0,0.0,,LB,0,1,95700,95756
ORTC,U480,MPEG2000,MPEG2000,MPEG2000,MPEG2000,MPEG2000,ORTC,M,2016-08-25T00:00:00,2040-12-31T00:00:00,0.3298,0.0,0.0,,LB,0,1,95700,95806
ORTC,U1092,MPEG2000,MPEG2000,MPEG2000,MPEG2000,MPEG2000,ORTC,M,2014-03-10T00:00:00,2040-12-31T00:00:00,0.5053,0.0,0.0,,LB,0,1,95700,95745
ORTC,U802,MPEG2000,MPEG2000,MPEG2000,MPEG2000,MPEG2000,ORTC,M,2020-04-30T00:00:00,2040-12-31T00:00:00,0.4746,0.0,0.0,,LB,0,1,95700,95787
ORTC,U802-OP,MPEG2000,MPEG2000,MPEG2000,MPEG2000,MPEG2000,ORTC,M,2013-12-10T00:00:00,2040-12-31T00:00:00,0.4746,0.0,0.0,,LB,0,1,95700,95779
ORTC,U701M,MPEG2000,MPEG2000,MPEG2000,MPEG2000,MPEG2000,ORTC,M,2014-02-05T00:00:00,2040-12-31T00:00:00,0.391,0.0,0.0,,LB,0,1,95700,95780
ORTC,U501B,MPEG2000,MPEG2000,MPEG2000,MPEG2000,MPEG2000,ORTC,M,2019-03-26T00:00:00,2040-12-31T00:00:00,0.343,0.0,0.0,,LB,0,1,95700,95821
ORTC,U601-KP,U601,U601,U601,U601,U601,ORTC,M,2016-03-14T00:00:00,2040-12-31T00:00:00,46000.0,0.0,0.0,,LB,0,1,95691,95715
ORTC,U601-PL,U601,U601,U601,U601,U601,ORTC,M,2008-10-16T00:00:00,2040-12-31T00:00:00,4000.0,0.0,1.0,,LB,0,1,95691,95734
ORTC,U802,ABEX2525,ABEX2525,ABEX2525,ABEX2525,ABEX2525,ORTC,M,2020-04-30T00:00:00,2040-12-31T00:00:00,9.1,0.0,0.0,,LB,0,1,95706,95787
ORTC,U501B,ABEX2525,ABEX2525,ABEX2525,ABEX2525,ABEX2525,ORTC,M,2019-03-26T00:00:00,2040-12-31T00:00:00,7.258,0.0,0.0,,LB,0,1,95706,95821
ORTC,MDU20M,ABEX2525,ABEX2525,ABEX2525,ABEX2525,ABEX2525,ORTC,M,2016-04-27T00:00:00,2040-12-31T00:00:00,5.496,0.0,0.0,,LB,0,1,95706,95802
ORTC,FCNX1258,ABEX2525,ABEX2525,ABEX2525,ABEX2525,ABEX2525,ORTC,M,2012-05-22T00:00:00,2040-12-31T00:00:00,11.1312,0.0,0.0,,LB,0,1,95706,95762
ORTC,FCNX1259,ABEX2525,ABEX2525,ABEX2525,ABEX2525,ABEX2525,ORTC,M,2012-06-01T00:00:00,2040-12-31T00:00:00,7.258,0.0,0.0,,LB,0,1,95706,95763
ORTC,FCNX1260,ABEX2525,ABEX2525,ABEX2525,ABEX2525,ABEX2525,ORTC,M,2012-06-18T00:00:00,2040-12-31T00:00:00,9.1,0.0,0.0,,LB,0,1,95706,95764
ORTC,FCNX1263,ABEX2525,ABEX2525,ABEX2525,ABEX2525,ABEX2525,ORTC,M,2012-07-19T00:00:00,2040-12-31T00:00:00,5.5656,0.0,0.0,,LB,0,1,95706,95765
ORTC,FCNX1267,ABEX2525,ABEX2525,ABEX2525,ABEX2525,ABEX2525,ORTC,M,2012-09-05T00:00:00,2040-12-31T00:00:00,9.1,0.0,0.0,,LB,0,1,95706,95767
ORTC,FCNX1138,ABEX2525,ABEX2525,ABEX2525,ABEX2525,ABEX2525,ORTC,M,2011-10-07T00:00:00,2040-12-31T00:00:00,11.1312,0.0,0.0,,LB,0,1,95706,95760
ORTC,U502,ABEX2525,ABEX2525,ABEX2525,ABEX2525,ABEX2525,ORTC,M,2019-03-29T00:00:00,2040-12-31T00:00:00,7.258,0.0,0.0,,LB,0,1,95706,95773
ORTC,U204,ABEX2525,ABEX2525,ABEX2525,ABEX2525,ABEX2525,ORTC,M,2019-03-26T00:00:00,2040-12-31T00:00:00,5.7377,0.0,0.0,,LB,0,1,95706,95774
ORTC,MDU20,ABEX2525,ABEX2525,ABEX2525,ABEX2525,ABEX2525,ORTC,M,2015-08-10T00:00:00,2040-12-31T00:00:00,5.7377,0.0,0.0,,LB,0,1,95706,95777
ORTC,U802-OP,ABEX2525,ABEX2525,ABEX2525,ABEX2525,ABEX2525,ORTC,M,2013-12-10T00:00:00,2040-12-31T00:00:00,9.1,0.0,0.0,,LB,0,1,95706,95779
ORTC,FCNX1487,ABEX2525,ABEX2525,ABEX2525,ABEX2525,ABEX2525,ORTC,M,2014-08-13T00:00:00,2040-12-31T00:00:00,7.306,0.0,0.0,,LB,0,1,95706,95783
ORTC,U1001-OP,U1001,U1001,U1001,U1001,U1001,ORTC,M,2008-10-14T00:00:00,2040-12-31T00:00:00,45000.0,0.0,1.0,,LB,0,1,95711,95733
ORTC,U1001-PL,U1001,U1001,U1001,U1001,U1001,ORTC,M,2008-10-22T00:00:00,2040-12-31T00:00:00,4000.0,0.0,1.0,,LB,0,1,95711,95735
USCM,U101,MPEG2000,MPEG2000,MPEG2000,MPEG2000,MPEG2000,USCM,M,2022-10-20T00:00:00,2040-12-31T00:00:00,0.4754,0.0,0.0,,LB,0,1,115654,115641
USCM,U501,MPEG2000,MPEG2000,MPEG2000,MPEG2000,MPEG2000,USCM,M,2019-03-26T00:00:00,2040-12-31T00:00:00,0.343,0.0,0.0,,LB,0,1,115654,115643
USCM,U601,MPEG2000,MPEG2000,MPEG2000,MPEG2000,MPEG2000,USCM,M,2019-03-26T00:00:00,2040-12-31T00:00:00,1.1451,0.0,0.0,,LB,0,1,115654,115644
ORTC,U470,MPEG2000,MPEG2000,MPEG2000,MPEG2000,MPEG2000,ORTC,M,2016-08-25T00:00:00,2040-12-31T00:00:00,0.3298,0.0,0.0,,LB,0,1,95700,95805
ORTC,U502,MPEG2000,MPEG2000,MPEG2000,MPEG2000,MPEG2000,ORTC,M,2019-03-29T00:00:00,2040-12-31T00:00:00,0.343,0.0,0.0,,LB,0,1,95700,95773
ORTC,FCNX1487,MPEG2000,MPEG2000,MPEG2000,MPEG2000,MPEG2000,ORTC,M,2014-08-13T00:00:00,2040-12-31T00:00:00,0.3298,0.0,0.0,,LB,0,1,95700,95783
ORTC,FCNX1488,MPEG2000,MPEG2000,MPEG2000,MPEG2000,MPEG2000,ORTC,M,2014-08-19T00:00:00,2040-12-31T00:00:00,0.3298,0.0,0.0,,LB,0,1,95700,95784
ORTC,FCNX1259,MPEG2000,MPEG2000,MPEG2000,MPEG2000,MPEG2000,ORTC,M,2012-06-01T00:00:00,2040-12-31T00:00:00,0.343,0.0,0.0,,LB,0,1,95700,95763
ORTC,FCNX1260,MPEG2000,MPEG2000,MPEG2000,MPEG2000,MPEG2000,ORTC,M,2012-06-18T00:00:00,2040-12-31T00:00:00,0.4746,0.0,0.0,,LB,0,1,95700,95764
ORTC,FCNX1267,MPEG2000,MPEG2000,MPEG2000,MPEG2000,MPEG2000,ORTC,M,2012-09-05T00:00:00,2040-12-31T00:00:00,0.4746,0.0,0.0,,LB,0,1,95700,95767
USCM,U1001,MPEG2000,MPEG2000,MPEG2000,MPEG2000,MPEG2000,USCM,M,2014-03-10T00:00:00,2040-12-31T00:00:00,2.1982,0.0,0.0,,LB,0,1,115654,115665
USCM,U701,MPEG2000,MPEG2000,MPEG2000,MPEG2000,MPEG2000,USCM,M,2019-03-26T00:00:00,2040-12-31T00:00:00,0.391,0.0,0.0,,LB,0,1,115654,115667
USCM,U502,MPEG2000,MPEG2000,MPEG2000,MPEG2000,MPEG2000,USCM,M,2019-03-29T00:00:00,2040-12-31T00:00:00,0.343,0.0,0.0,,LB,0,1,115654,115706
USCM,U802,MPEG2000,MPEG2000,MPEG2000,MPEG2000,MPEG2000,USCM,M,2020-04-30T00:00:00,2040-12-31T00:00:00,0.4746,0.0,0.0,,LB,0,1,115654,115712
USCM,U501B,MPEG2000,MPEG2000,MPEG2000,MPEG2000,MPEG2000,USCM,M,2019-03-26T00:00:00,2040-12-31T00:00:00,0.343,0.0,0.0,,LB,0,1,115654,115753
USCM,U470,MPEG2000,MPEG2000,MPEG2000,MPEG2000,MPEG2000,USCM,M,2016-08-25T00:00:00,2040-12-31T00:00:00,0.3298,0.0,0.0,,LB,0,1,115654,115725
DANC,HP401,HP1632,HP1632,HP1632,HP1632,HP1632,DANC,M,2008-07-23T00:00:00,2040-12-31T00:00:00,100.0,0.0,1.0,,LB,0,1,79632,79633
ORTC,U201-OP,U201,U201,U201,U201,U201,ORTC,M,2008-10-14T00:00:00,2040-12-31T00:00:00,45000.0,0.0,1.0,,LB,0,1,95687,95725
ORTC,U201-PL,U201,U201,U201,U201,U201,ORTC,M,2009-02-24T00:00:00,2040-12-31T00:00:00,4000.0,0.0,1.0,,LB,0,1,95687,95740
ORTC,APT10,U201,U201,U201,U201,U201,ORTC,M,2021-03-31T00:00:00,2040-12-31T00:00:00,74.686,0.0,0.0,,LB,0,1,95687,95819
CIN2,HP401,HP1632,HP1632,HP1632,HP1632,HP1632,CIN2,M,2008-07-23T00:00:00,2040-12-31T00:00:00,100.0,0.0,1.0,,LB,0,1,18217,18220
CIN2,HP1632-OP,HP1632,HP1632,HP1632,HP1632,HP1632,CIN2,M,2010-04-19T00:00:00,2040-12-31T00:00:00,46300.0,0.0,0.0,,LB,0,1,18217,18387
CIN2,HP1632-PL,HP1632,HP1632,HP1632,HP1632,HP1632,CIN2,M,2009-10-27T00:00:00,2040-12-31T00:00:00,4000.0,0.0,1.0,,LB,0,1,18217,18388
CIN2,HSCF410,HP1632,HP1632,HP1632,HP1632,HP1632,CIN2,M,2018-10-12T00:00:00,2040-12-31T00:00:00,100.0,0.0,0.0,,LB,0,1,18217,21512
CIN2,U201-OP,U201,U201,U201,U201,U201,CIN2,M,2010-02-19T00:00:00,2040-12-31T00:00:00,45000.0,0.0,1.0,,LB,0,1,18219,18383
CIN2,U201-PL,U201,U201,U201,U201,U201,CIN2,M,2009-02-26T00:00:00,2040-12-31T00:00:00,4000.0,0.0,1.0,,LB,0,1,18219,18644
USCM,HP1432AT,HP1632,HP1632,HP1632,HP1632,HP1632,USCM,M,2023-09-27T00:00:00,2040-12-31T00:00:00,93.8697,0.0,0.0,,LB,0,1,115640,115703
USCM,DPE3500,WAV501,WAV501,WAV501,WAV501,WAV501,USCM,M,2023-02-23T00:00:00,2040-12-31T00:00:00,0.0208,0.0,0.0,,LB,0,1,115739,115762
USCM,DPE3500,WAV501,WAV501,WAV501,WAV501,WAV501,USCM,M,2023-02-23T00:00:00,2040-12-31T00:00:00,0.1241,0.0,0.0,,LB,0,1,115739,115762
USCM,191245PX,WAV501,WAV501,WAV501,WAV501,WAV501,USCM,M,2023-02-23T00:00:00,2040-12-31T00:00:00,0.0208,0.0,0.0,,LB,0,1,115739,115742
USCM,191245PX,WAV501,WAV501,WAV501,WAV501,WAV501,USCM,M,2023-02-23T00:00:00,2040-12-31T00:00:00,0.1241,0.0,0.0,,LB,0,1,115739,115742
CINC,UTS620,HP1632,HP1632,HP1632,HP1632,HP1632,CINC,M,2019-05-30T00:00:00,2040-12-31T00:00:00,100.0,0.0,0.0,,LB,0,1,57421,61120
ORTC,FCNX1488,ABEX2525,ABEX2525,ABEX2525,ABEX2525,ABEX2525,ORTC,M,2014-08-19T00:00:00,2040-12-31T00:00:00,7.7025,0.0,0.0,,LB,0,1,95706,95784
ORTC,U204-T2,U204,U204,U204,U204,U204,ORTC,M,2015-04-08T00:00:00,2040-12-31T00:00:00,220000.0,0.0,0.0,,LB,0,1,95774,95785
USCM,U501,ABEX2525,ABEX2525,ABEX2525,ABEX2525,ABEX2525,USCM,M,2019-03-26T00:00:00,2040-12-31T00:00:00,7.258,0.0,0.0,,LB,0,1,115660,115643
USCM,U601,ABEX2525,ABEX2525,ABEX2525,ABEX2525,ABEX2525,USCM,M,2019-03-26T00:00:00,2040-12-31T00:00:00,5.582,0.0,0.0,,LB,0,1,115660,115644
USCM,U1001,ABEX2525,ABEX2525,ABEX2525,ABEX2525,ABEX2525,USCM,M,2014-03-10T00:00:00,2040-12-31T00:00:00,5.357,0.0,0.0,,LB,0,1,115660,115665
USCM,U701,ABEX2525,ABEX2525,ABEX2525,ABEX2525,ABEX2525,USCM,M,2019-03-26T00:00:00,2040-12-31T00:00:00,7.989,0.0,0.0,,LB,0,1,115660,115667
USCM,U2022,ABEX2525,ABEX2525,ABEX2525,ABEX2525,ABEX2525,USCM,M,2019-03-26T00:00:00,2040-12-31T00:00:00,11.1312,0.0,0.0,,LB,0,1,115660,115676
USCM,U502,ABEX2525,ABEX2525,ABEX2525,ABEX2525,ABEX2525,USCM,M,2019-03-29T00:00:00,2040-12-31T00:00:00,7.258,0.0,0.0,,LB,0,1,115660,115706
USCM,MDU20,ABEX2525,ABEX2525,ABEX2525,ABEX2525,ABEX2525,USCM,M,2015-08-10T00:00:00,2040-12-31T00:00:00,5.7377,0.0,0.0,,LB,0,1,115660,115708
USCM,U802,ABEX2525,ABEX2525,ABEX2525,ABEX2525,ABEX2525,USCM,M,2020-04-30T00:00:00,2040-12-31T00:00:00,9.1,0.0,0.0,,LB,0,1,115660,115712
USCM,U501B,ABEX2525,ABEX2525,ABEX2525,ABEX2525,ABEX2525,USCM,M,2019-03-26T00:00:00,2040-12-31T00:00:00,7.258,0.0,0.0,,LB,0,1,115660,115753
USCM,U2023,ABEX2525,ABEX2525,ABEX2525,ABEX2525,ABEX2525,USCM,M,2019-03-29T00:00:00,2040-12-31T00:00:00,11.1312,0.0,0.0,,LB,0,1,115660,115724
USCM,U470,ABEX2525,ABEX2525,ABEX2525,ABEX2525,ABEX2525,USCM,M,2016-08-25T00:00:00,2040-12-31T00:00:00,7.306,0.0,0.0,,LB,0,1,115660,115725
USCM,191245PX,FERSUL7W,FERSUL7W,FERSUL7W,FERSUL7W,FERSUL7W,USCM,M,2023-02-23T00:00:00,2040-12-31T00:00:00,0.0,0.0,0.0,,LB,0,1,115748,115742
USCM,161190PX,FERSUL7W,FERSUL7W,FERSUL7W,FERSUL7W,FERSUL7W,USCM,M,2023-01-25T00:00:00,2040-12-31T00:00:00,0.003,0.0,0.0,,LB,0,1,115748,115726
USCM,DPE3500,FERSUL7W,FERSUL7W,FERSUL7W,FERSUL7W,FERSUL7W,USCM,M,2023-02-23T00:00:00,2040-12-31T00:00:00,0.0,0.0,0.0,,LB,0,1,115748,115762
CIN2,MC40EBK,161190PX,161190PX,161190PX,161190PX,161190PX,CIN2,M,2020-12-08T00:00:00,2040-12-31T00:00:00,37.9,0.0,0.0,,LB,0,1,21111,12543
CIN2,U2022-PL,U2022,U2022,U2022,U2022,U2022,CIN2,M,2009-05-14T00:00:00,2040-12-31T00:00:00,4000.0,0.0,0.0,,LB,0,1,18375,18746
CIN2,U2022-T2,U2022,U2022,U2022,U2022,U2022,CIN2,M,2024-11-11T00:00:00,2040-12-31T00:00:00,220000.0,0.0,0.0,,LB,0,1,18375,22664
CIN2,U2022,U2022-OP,U2022,U2022,U2022-OP,U2022,CIN2,M,2020-11-16T00:00:00,2040-12-31T00:00:00,100.0,0.0,0.0,,LB,0,1,18756,18375
ORTC,U2022-PL,U2022,U2022,U2022,U2022,U2022,ORTC,M,2009-05-14T00:00:00,2040-12-31T00:00:00,4000.0,0.0,1.0,,LB,0,1,95722,95747
SING,U2022-PL,U2022,U2022,U2022,U2022,U2022,SING,M,2025-08-04T00:00:00,2040-12-31T00:00:00,4000.0,0.0,0.0,,LB,0,1,110296,110333
USCM,APT11,U2022,U2022,U2022,U2022,U2022,USCM,M,2021-08-09T00:00:00,2040-12-31T00:00:00,96.251,0.0,0.0,,LB,0,1,115676,115751
CIN2,U101,U101-OP,U101,U101,U101-OP,U101,CIN2,M,2020-11-16T00:00:00,2040-12-31T00:00:00,100.0,0.0,0.0,,LB,0,1,18382,18218
GRAN,MD4020-C1,MD4020,MD4020,MD4020,MD4020,MD4020,GRAN,M,2017-12-15T00:00:00,2040-12-31T00:00:00,12.5,0.0,0.0,,LB,0,1,80439,80449
CIN2,U802,U802-OP,U802,U802,U802-OP,U802,CIN2,M,2026-01-13T00:00:00,2040-12-31T00:00:00,100.0,0.0,0.0,,LB,0,1,20341,20695
USCM,DPE3500,DMAEMA,DMAEMA,DMAEMA,DMAEMA,DMAEMA,USCM,M,2023-02-23T00:00:00,2040-12-31T00:00:00,15.5494,0.0,0.0,,LB,0,1,115740,115762
USCM,191245PX,DMAEMA,DMAEMA,DMAEMA,DMAEMA,DMAEMA,USCM,M,2023-02-23T00:00:00,2040-12-31T00:00:00,15.5494,0.0,0.0,,LB,0,1,115740,115742
CIN2,U601,U601-OP,U601,U601,U601-OP,U601,CIN2,M,2020-11-16T00:00:00,2040-12-31T00:00:00,100.0,0.0,0.0,,LB,0,1,18414,18224
CIN2,U701,U701-OP,U701,U701,U701-OP,U701,CIN2,M,2021-08-12T00:00:00,2040-12-31T00:00:00,100.0,0.0,0.0,,LB,0,1,18415,18291
CIN2,U501B,U501B-OP,U501B,U501B,U501B-OP,U501B,CIN2,M,2023-03-03T00:00:00,2040-12-31T00:00:00,100.0,0.0,0.0,,LB,0,1,22224,22219
SING,ML180.S,NP4LF.S,NP4LF.S,NP4LF,NP4LF.S,NP4LF.S,SING,M,2022-04-28T00:00:00,2040-12-31T00:00:00,5.472,0.0,0.0,,KG,0,1,111816,109746
SING,ML182.S,NP4LF.S,NP4LF.S,NP4LF,NP4LF.S,NP4LF.S,SING,M,2011-03-14T00:00:00,2040-12-31T00:00:00,5.46,0.0,0.0,,KG,0,1,111816,109812
SING,ML180F.S,NP4LF.S,NP4LF.S,NP4LF,NP4LF.S,NP4LF.S,SING,M,2022-04-28T00:00:00,2040-12-31T00:00:00,5.472,0.0,0.0,,KG,0,1,111816,110413
AUBA,MDU2012B.E-LP,MDU2012B.E,MDU2012B.E,MDU2012B,MDU2012B.E,MDU2012B.E,AUBA,M,2024-09-16T00:00:00,2040-12-31T00:00:00,12000.0,0.0,0.0,,KG,0,1,6282,6335
CINC,HP302,ABEX2525,ABEX2525,ABEX2525,ABEX2525,ABEX2525,CINC,M,2008-06-18T00:00:00,2040-12-31T00:00:00,10.0,0.0,0.0,,LB,0,1,57453,57430
CINC,ABEX2525-PD,ABEX2525,ABEX2525,ABEX2525,ABEX2525,ABEX2525,CINC,M,2025-07-10T00:00:00,2040-12-31T00:00:00,46000.0,0.0,0.0,,LB,0,1,57453,62140
CIN2,U502-PL,U502,U502,U502,U502,U502,CIN2,M,2015-10-21T00:00:00,2040-12-31T00:00:00,4000.0,0.0,0.0,,LB,0,1,20145,20795
INCH,WD40,STODSO,STODSO,STODSO,STODSO,STODSO,INCH,M,1998-10-20T00:00:00,2040-12-31T00:00:00,60.0,0.0,0.0,,LB,0,1,80532,80534
ORTC,U502-OP,U502,U502,U502,U502,U502,ORTC,M,2013-05-13T00:00:00,2040-12-31T00:00:00,45000.0,0.0,0.0,,LB,0,1,95773,95775
CRC0,WD40,STODSO,STODSO,STODSO,STODSO,STODSO,CRC0,M,1998-10-20T00:00:00,2040-12-31T00:00:00,60.0,0.0,0.0,,LB,0,1,67759,67761
GRAN,MD4020,OMS,OMS,OMS,OMS,OMS,GRAN,M,2017-10-04T00:00:00,2040-12-31T00:00:00,80.0,0.0,0.0,,LB,0,1,80434,80439
GRAN,MD4022,OMS,OMS,OMS,OMS,OMS,GRAN,M,2017-10-09T00:00:00,2040-12-31T00:00:00,74.1,0.0,0.0,,LB,0,1,80434,80441
GRAN,MD4021,OMS,OMS,OMS,OMS,OMS,GRAN,M,2017-10-11T00:00:00,2040-12-31T00:00:00,73.171,0.0,0.0,,LB,0,1,80434,80444
GRAN,MD4023,OMS,OMS,OMS,OMS,OMS,GRAN,M,2017-10-12T00:00:00,2040-12-31T00:00:00,73.87,0.0,0.0,,LB,0,1,80434,80446
USCM,191245PX,EMA3065,EMA3065,EMA3065,EMA3065,EMA3065,USCM,M,2023-02-23T00:00:00,2040-12-31T00:00:00,1.2021,0.0,0.0,,LB,0,1,115717,115742
USCM,DPE3500,EMA3065,EMA3065,EMA3065,EMA3065,EMA3065,USCM,M,2023-02-23T00:00:00,2040-12-31T00:00:00,1.2021,0.0,0.0,,LB,0,1,115717,115762
USCM,WD40,STODSO,STODSO,STODSO,STODSO,STODSO,USCM,M,1998-10-20T00:00:00,2040-10-09T00:00:00,60.0,0.0,0.0,,LB,0,1,115625,115629
USCM,MD4020,OMS,OMS,OMS,OMS,OMS,USCM,M,2017-10-04T00:00:00,2040-12-31T00:00:00,80.0,0.0,0.0,,LB,0,1,115631,115729
USCM,MD4022,OMS,OMS,OMS,OMS,OMS,USCM,M,2022-10-21T00:00:00,2040-12-31T00:00:00,74.1,0.0,0.0,,LB,0,1,115631,115731
USCM,MD4021,OMS,OMS,OMS,OMS,OMS,USCM,M,2022-10-21T00:00:00,2040-12-31T00:00:00,73.68,0.0,0.0,,LB,0,1,115631,115734
USCM,MD4023,OMS,OMS,OMS,OMS,OMS,USCM,M,2022-10-21T00:00:00,2040-12-31T00:00:00,73.87,0.0,0.0,,LB,0,1,115631,115736
CINC,UPR410,U501,U501,U501,U501,U501,CINC,M,2023-09-21T00:00:00,2040-12-31T00:00:00,100.0,0.0,0.0,,LB,0,1,57427,61855
CIN2,HP1632,HP1632-T2,HP1632,HP1632,HP1632-T2,HP1632,CIN2,M,2022-03-04T00:00:00,2040-12-31T00:00:00,100.0,0.0,0.0,,LB,0,1,21497,18217
CIN2,191245PX-PL,191245PX,191245PX,191245PX,191245PX,191245PX,CIN2,M,2019-12-11T00:00:00,2040-12-31T00:00:00,4000.0,0.0,0.0,,LB,0,1,21730,21764
CIN2,DPE3505,191245PX,191245PX,191245PX,191245PX,191245PX,CIN2,M,2023-09-11T00:00:00,2040-12-31T00:00:00,86.0,0.0,0.0,,LB,0,1,21730,22579
CIN2,191245PX-FD,191245PX,191245PX,191245PX,191245PX,191245PX,CIN2,M,2023-11-30T00:00:00,2040-12-31T00:00:00,45000.0,0.0,0.0,,LB,0,1,21730,22618
CIN2,U501-PL,U501,U501,U501,U501,U501,CIN2,M,2009-04-14T00:00:00,2040-12-31T00:00:00,4000.0,0.0,1.0,,LB,0,1,18223,18695
CIN2,U802-PL,U802,U802,U802,U802,U802,CIN2,M,2016-07-28T00:00:00,2040-12-31T00:00:00,4000.0,0.0,0.0,,LB,0,1,20695,20977
CIN2,U103Z,U802,U802,U802,U802,U802,CIN2,M,2026-01-30T00:00:00,2040-12-31T00:00:00,65.137,0.0,0.0,,LB,0,1,20695,22839
CIN2,241176FX,U802,U802,U802,U802,U802,CIN2,M,2024-07-03T00:00:00,2040-12-31T00:00:00,65.227,0.0,0.0,,LB,0,1,20695,22697
ORTC,U501-T2,U501,U501,U501,U501,U501,ORTC,M,2009-04-09T00:00:00,2040-12-31T00:00:00,220000.0,0.0,1.0,,LB,0,1,95690,95742
ORTC,U501-PL,U501,U501,U501,U501,U501,ORTC,M,2009-04-30T00:00:00,2040-12-31T00:00:00,4000.0,0.0,1.0,,LB,0,1,95690,95744
CIN2,U204,MDU20-T2,MDU20,MDU20,MDU20-T2,MDU20,CIN2,M,2020-11-16T00:00:00,2040-12-31T00:00:00,100.0,0.0,0.0,,LB,0,1,20675,20146
CIN2,MDU20,MDU20-T2,MDU20,MDU20,MDU20-T2,MDU20,CIN2,M,2020-12-01T00:00:00,2040-12-31T00:00:00,100.0,0.0,0.0,,LB,0,1,20675,20284
CIN2,U201,U201-T2,U201,U201,U201-T2,U201,CIN2,M,2020-11-16T00:00:00,2040-12-31T00:00:00,100.0,0.0,0.0,,LB,0,1,21541,18219
