[o],[l],[coh],[dt],[pid],[usr],[job]
26001037,1,CTRL clean real-time confirm,6/1/2026 8:04:14 AM,EP42101,GLAMBERMON,CYRFLEUENP
26001037,1,CTRL clean real-time confirm,6/1/2026 8:04:17 AM,R42750,GLAMBERMON,CYRFLEUENP
26001059,1,EXTRA whole order absent 999/900,6/3/2026 10:53:43 AM,EP42101,GLAMBERMON,CYRFLEUENP
26001059,1,EXTRA whole order absent 999/900,6/3/2026 10:53:47 AM,R42750,GLAMBERMON,CYRFLEUENP
26001059,1,EXTRA whole order absent 999/900,6/3/2026 10:55:17 AM,EP42101,GLAMBERMON,CYRFLEUENP
26001059,1,EXTRA whole order absent 999/900,6/3/2026 10:55:21 AM,R42750,GLAMBERMON,CYRFLEUENP
26001153,3,MISMATCH 540 intermediate pick,6/19/2026 9:34:03 AM,EP42101,LTUFFEL,CYRFLEUENP
26001153,3,MISMATCH 540 intermediate pick,6/19/2026 9:34:05 AM,R42750,LTUFFEL,CYRFLEUENP
26001153,3,MISMATCH 540 intermediate pick,6/19/2026 11:37:14 AM,ER42950,SCHED,CYRFLEUENP
26001181,1,MISMATCH 525 intermediate pick,6/22/2026 3:53:56 PM,EP42101,GLAMBERMON,CYRFLEUENP
26001181,1,MISMATCH 525 intermediate pick,6/22/2026 3:53:59 PM,R42750,GLAMBERMON,CYRFLEUENP
26001181,1,MISMATCH 525 intermediate pick,6/23/2026 3:20:49 AM,ER42950,SCHED,CYRFLEUENP
26001181,1,MISMATCH 525 intermediate pick,6/23/2026 3:46:24 AM,ER42950,SCHED,CYRFLEUENP
26001181,1,MISMATCH 525 intermediate pick,6/24/2026 3:20:58 AM,ER42950,SCHED,CYRFLEUENP
26001181,1,MISMATCH 525 intermediate pick,6/24/2026 3:46:24 AM,ER42950,SCHED,CYRFLEUENP
26001182,4,MISMATCH min-540 in Cognos 540/900,7/9/2026 11:54:17 AM,EP42101,NATHALIEV,CYRFLEUENP
26001182,4,MISMATCH min-540 in Cognos 540/900,7/9/2026 11:54:20 AM,R42750,NATHALIEV,CYRFLEUENP
26001182,5,MISMATCH min-540 in Cognos 540/900,7/9/2026 11:54:17 AM,EP42101,NATHALIEV,CYRFLEUENP
26001182,5,MISMATCH min-540 in Cognos 540/900,7/9/2026 11:54:20 AM,R42750,NATHALIEV,CYRFLEUENP
2708703,1,MISMATCH 525 near-max pick,5/29/2026 7:39:56 PM,EP42101,BGOPALE,CYRFLSGENP
2708703,1,MISMATCH 525 near-max pick,5/29/2026 7:39:59 PM,R42750,BGOPALE,CYRFLSGENP
2708703,1,MISMATCH 525 near-max pick,6/2/2026 7:37:23 PM,EP42101,BGOPALE,CYRFLSGENP
2708703,1,MISMATCH 525 near-max pick,6/2/2026 7:37:27 PM,R42750,BGOPALE,CYRFLSGENP
2708703,1,MISMATCH 525 near-max pick,6/25/2026 12:57:08 PM,EP42101,BGOPALE,CYRFLSGENP
2708703,1,MISMATCH 525 near-max pick,6/25/2026 12:57:11 PM,R42750,BGOPALE,CYRFLSGENP
2708703,1,MISMATCH 525 near-max pick,6/25/2026 1:01:59 PM,EP42101,BGOPALE,CYRFLSGENP
2708703,1,MISMATCH 525 near-max pick,6/25/2026 1:02:02 PM,R42750,BGOPALE,CYRFLSGENP
2708703,1,MISMATCH 525 near-max pick,6/25/2026 1:13:43 PM,EP42101,BGOPALE,CYRFLSGENP
2708703,1,MISMATCH 525 near-max pick,6/25/2026 1:13:45 PM,R42750,BGOPALE,CYRFLSGENP
2710964,1,"CTRL matched, d540 hourly :50:08",6/1/2026 8:33:20 AM,EP42101,STEPHENDO,CYRFLUSENP
2710964,1,"CTRL matched, d540 hourly :50:08",6/1/2026 8:33:23 AM,R42750,STEPHENDO,CYRFLUSENP
2711439,1,"CTRL matched, d540 3:01 PM",6/2/2026 11:17:51 AM,EP42101,EMILYM,CYRFLSGENP
2711439,1,"CTRL matched, d540 3:01 PM",6/2/2026 11:17:54 AM,R42750,EMILYM,CYRFLSGENP
2713483,1,EXTRA sibling of 129-event line,6/4/2026 3:16:41 PM,EP42101,STEPHENDO,CYRFLUSENP
2713483,1,EXTRA sibling of 129-event line,6/4/2026 3:16:44 PM,R42750,STEPHENDO,CYRFLUSENP
2713483,1,EXTRA sibling of 129-event line,6/4/2026 3:17:39 PM,R42750,STEPHENDO,CYRFLUSENP
2713483,1,EXTRA sibling of 129-event line,6/4/2026 3:18:19 PM,EP42101,STEPHENDO,CYRFLUSENP
2713483,1,EXTRA sibling of 129-event line,6/4/2026 3:18:22 PM,R42750,STEPHENDO,CYRFLUSENP
2713483,2,EXTRA 129 daily 540 events,6/4/2026 3:16:42 PM,EP42101,STEPHENDO,CYRFLUSENP
2713483,2,EXTRA 129 daily 540 events,6/4/2026 3:16:44 PM,R42750,STEPHENDO,CYRFLUSENP
2713483,2,EXTRA 129 daily 540 events,6/4/2026 3:17:39 PM,R42750,STEPHENDO,CYRFLUSENP
2713483,2,EXTRA 129 daily 540 events,6/4/2026 3:18:19 PM,EP42101,STEPHENDO,CYRFLUSENP
2713483,2,EXTRA 129 daily 540 events,6/4/2026 3:18:22 PM,R42750,STEPHENDO,CYRFLUSENP
2715940,17,"CTRL matched line, order w/ extras",6/8/2026 10:54:50 AM,EP42101,EMILYM,CYRFLSGENP
2715940,17,"CTRL matched line, order w/ extras",6/8/2026 10:55:07 AM,R42750,EMILYM,CYRFLSGENP
2715940,17,"CTRL matched line, order w/ extras",6/8/2026 11:03:42 AM,R42750,EMILYM,CYRFLSGENP
2715940,18,"CTRL matched line, order w/ extras",6/8/2026 10:54:55 AM,EP42101,EMILYM,CYRFLSGENP
2715940,18,"CTRL matched line, order w/ extras",6/8/2026 10:55:07 AM,R42750,EMILYM,CYRFLSGENP
2715940,18,"CTRL matched line, order w/ extras",6/8/2026 11:03:42 AM,R42750,EMILYM,CYRFLSGENP
2715940,23,EXTRA line beyond export count,6/8/2026 10:55:01 AM,EP42101,EMILYM,CYRFLSGENP
2715940,23,EXTRA line beyond export count,6/8/2026 10:55:07 AM,R42750,EMILYM,CYRFLSGENP
2715940,23,EXTRA line beyond export count,6/8/2026 11:03:42 AM,R42750,EMILYM,CYRFLSGENP
2715940,26,EXTRA line beyond export count,6/8/2026 10:55:01 AM,EP42101,EMILYM,CYRFLSGENP
2715940,26,EXTRA line beyond export count,6/8/2026 10:55:07 AM,R42750,EMILYM,CYRFLSGENP
2715940,26,EXTRA line beyond export count,6/8/2026 11:03:42 AM,R42750,EMILYM,CYRFLSGENP
2722060,1,EXTRA partial 3v1,6/16/2026 10:42:43 AM,EP42101,EMILYM,CYRFLSGENP
2722060,1,EXTRA partial 3v1,6/16/2026 10:42:46 AM,R42750,EMILYM,CYRFLSGENP
2722060,1,EXTRA partial 3v1,6/16/2026 1:08:24 PM,EP42101,SCHEONG,CYRFLSGENP
2722060,2,EXTRA partial 3v1,6/16/2026 10:42:43 AM,EP42101,EMILYM,CYRFLSGENP
2722060,2,EXTRA partial 3v1,6/16/2026 10:42:46 AM,R42750,EMILYM,CYRFLSGENP
2722060,2,EXTRA partial 3v1,6/16/2026 1:08:24 PM,EP42101,SCHEONG,CYRFLSGENP
2722060,3,EXTRA partial 3v1,6/16/2026 10:42:43 AM,EP42101,EMILYM,CYRFLSGENP
2722060,3,EXTRA partial 3v1,6/16/2026 10:42:46 AM,R42750,EMILYM,CYRFLSGENP
2722060,3,EXTRA partial 3v1,6/16/2026 1:08:24 PM,EP42101,SCHEONG,CYRFLSGENP
2724711,1,EXTRA 540/535 daily-batch,6/19/2026 3:17:28 PM,EP42101,KRISTINECO,CYRFLUSENP
2724711,1,EXTRA 540/535 daily-batch,6/19/2026 3:17:31 PM,R42750,KRISTINECO,CYRFLUSENP
2726950,1,"EXTRA whole order absent, completed",6/22/2026 3:47:56 PM,EP42101,DAVIDSI,CYRFLUSENP
2726950,1,"EXTRA whole order absent, completed",6/22/2026 3:48:01 PM,R42750,DAVIDSI,CYRFLUSENP
2726950,2,"EXTRA whole order absent, completed",6/22/2026 3:47:57 PM,EP42101,DAVIDSI,CYRFLUSENP
2726950,2,"EXTRA whole order absent, completed",6/22/2026 3:48:01 PM,R42750,DAVIDSI,CYRFLUSENP
2726950,3,"EXTRA whole order absent, completed",6/22/2026 3:47:57 PM,EP42101,DAVIDSI,CYRFLUSENP
2726950,3,"EXTRA whole order absent, completed",6/22/2026 3:48:01 PM,R42750,DAVIDSI,CYRFLUSENP
2727544,1,MISMATCH exemplar,6/23/2026 9:58:56 AM,EP42101,LAKEIACH,CYRFLUSENP
2727544,1,MISMATCH exemplar,6/23/2026 9:58:59 AM,R42750,LAKEIACH,CYRFLUSENP
2728566,1,EXTRA SA whole order absent,6/24/2026 5:51:46 PM,EP42101,MAGIC,CYRFLUSENP
2728566,1,EXTRA SA whole order absent,6/24/2026 5:51:49 PM,R42750,MAGIC,CYRFLUSENP
2728566,1,EXTRA SA whole order absent,6/24/2026 9:17:19 PM,ER42950,SCHED,CYRFLUSENP
2728566,1,EXTRA SA whole order absent,6/24/2026 9:32:16 PM,ER42950,SCHED,CYRFLUSENP
2728566,1,EXTRA SA whole order absent,6/25/2026 1:20:19 AM,R42995,SCHED,CYRFLUSENP
2728566,1,EXTRA SA whole order absent,6/25/2026 1:21:06 AM,R42750,SCHED,CYRFLUSENP
2728566,1,EXTRA SA whole order absent,6/25/2026 5:51:49 AM,ER42950,SCHED,CYRFLUSENP
2728566,1,EXTRA SA whole order absent,6/25/2026 8:11:59 AM,EP42101,LAURAC,CYRFLUSENP
2728566,1,EXTRA SA whole order absent,6/25/2026 11:03:26 AM,EP42101,AMYBA,CYRFLUSENP
2728566,1,EXTRA SA whole order absent,6/25/2026 11:03:29 AM,R42750,AMYBA,CYRFLUSENP
2728566,1,EXTRA SA whole order absent,6/25/2026 9:16:36 PM,ER42950,SCHED,CYRFLUSENP
2728566,1,EXTRA SA whole order absent,6/25/2026 9:31:42 PM,ER42950,SCHED,CYRFLUSENP
2728566,1,EXTRA SA whole order absent,6/26/2026 5:51:34 AM,ER42950,SCHED,CYRFLUSENP
2728566,1,EXTRA SA whole order absent,6/26/2026 9:16:33 PM,ER42950,SCHED,CYRFLUSENP
2728566,1,EXTRA SA whole order absent,6/26/2026 9:31:44 PM,ER42950,SCHED,CYRFLUSENP
2728566,1,EXTRA SA whole order absent,6/27/2026 5:51:25 AM,ER42950,SCHED,CYRFLUSENP
2728566,1,EXTRA SA whole order absent,6/27/2026 9:16:51 PM,ER42950,SCHED,CYRFLUSENP
2728566,1,EXTRA SA whole order absent,6/27/2026 9:31:26 PM,ER42950,SCHED,CYRFLUSENP
2728566,1,EXTRA SA whole order absent,6/28/2026 5:51:24 AM,ER42950,SCHED,CYRFLUSENP
