14 Final Keys[order_number],14 Final Keys[line_number],14 Final Keys[order_type],14 Final Keys[key_company],14 Final Keys[company_level2],14 Final Keys[business_days],14 Final Keys[date525],14 Final Keys[date540]
2710982,1,S4,00010,,1,6/1/2026 9:20:02 AM,6/2/2026 7:50:04 AM
2712542,1,S4,00010,,1,6/3/2026 9:37:20 AM,6/4/2026 3:55:31 PM
2713504,1,S4,00010,,1,6/4/2026 3:34:49 PM,6/5/2026 8:37:30 AM
2714076,1,S4,00010,,1,6/5/2026 9:44:12 AM,6/8/2026 9:50:08 AM
2714141,1,S4,00010,,1,6/5/2026 11:59:54 AM,6/8/2026 7:50:03 AM
2716325,1,S4,00010,,1,6/8/2026 10:24:43 AM,6/9/2026 10:50:06 AM
2717131,1,S4,00010,,1,6/9/2026 11:12:39 AM,6/10/2026 9:51:59 AM
2717950,1,S4,00010,,1,6/10/2026 12:17:05 PM,6/11/2026 1:50:06 PM
2718834,1,S4,00010,,1,6/11/2026 3:45:51 PM,6/12/2026 8:50:07 AM
2719562,1,S4,00010,,1,6/12/2026 2:15:06 PM,6/15/2026 11:24:18 AM
2723202,1,S4,00010,,1,6/17/2026 10:17:20 AM,6/18/2026 8:50:06 AM
2724021,1,S4,00010,,1,6/18/2026 11:21:12 AM,6/19/2026 10:50:04 AM
2727479,1,S4,00010,,1,6/23/2026 8:28:35 AM,6/24/2026 3:13:27 PM
2728311,1,S4,00010,,1,6/24/2026 10:24:47 AM,6/25/2026 9:50:08 AM
2728532,1,S4,00010,,1,6/24/2026 4:44:57 PM,6/25/2026 9:08:47 AM
2728662,1,S4,00010,,1,6/24/2026 8:53:44 PM,6/25/2026 12:10:54 PM
2729091,1,S4,00010,,1,6/25/2026 10:17:19 AM,6/26/2026 9:50:07 AM
2729832,1,S4,00010,,1,6/26/2026 9:52:34 AM,6/29/2026 12:50:04 PM
2732198,1,S4,00010,,1,6/29/2026 2:29:48 PM,6/30/2026 7:00:50 AM
2717001,1,S4,00035,,1,6/9/2026 7:20:06 PM,6/10/2026 1:36:47 PM
2719081,1,S4,00030,,1,6/12/2026 11:20:35 AM,6/15/2026 8:01:05 PM
2719276,1,S4,00035,,1,6/12/2026 5:08:09 PM,6/15/2026 12:58:15 PM
2723033,1,S4,00035,,1,6/17/2026 4:56:55 PM,6/18/2026 2:16:45 PM
2729689,1,S4,00034,,1,6/26/2026 8:43:28 AM,6/29/2026 3:01:03 PM
2732640,1,S4,00034,,1,6/30/2026 4:40:56 PM,7/1/2026 3:01:07 PM
26001132,1,S4,00020,,0,6/12/2026 11:45:55 AM,6/12/2026 3:51:56 PM
26001145,1,S4,00020,,0,6/16/2026 1:26:05 PM,6/16/2026 1:56:49 PM
26001184,1,S4,00020,,0,6/24/2026 8:23:36 AM,6/24/2026 1:37:31 PM
2711970,1,S4,00010,,0,6/2/2026 3:33:33 PM,6/2/2026 3:33:51 PM
2718106,1,S4,00010,,0,6/10/2026 5:26:55 PM,6/10/2026 5:27:15 PM
2721382,1,S4,00034,,0,6/15/2026 1:26:53 PM,6/15/2026 3:01:07 PM
2722552,1,S4,00010,,0,6/16/2026 2:03:25 PM,6/16/2026 2:03:52 PM
2723371,1,S4,00010,,0,6/17/2026 3:20:42 PM,6/17/2026 4:57:12 PM
2723683,1,S4,00035,,0,6/18/2026 12:55:03 PM,6/18/2026 12:56:56 PM
2723943,1,S4,00010,,0,6/18/2026 8:32:57 AM,6/18/2026 9:50:05 AM
2724762,1,S4,00010,,0,6/19/2026 4:31:57 PM,6/19/2026 4:32:13 PM
2727271,1,S4,00034,,0,6/23/2026 1:45:05 PM,6/23/2026 3:01:07 PM
2727544,1,S4,00010,,0,6/23/2026 9:58:56 AM,6/23/2026 10:27:16 PM
2728415,1,S4,00010,,0,6/24/2026 1:22:35 PM,6/24/2026 3:50:03 PM
26001054,1,S4,00020,,2,6/2/2026 2:52:28 PM,6/4/2026 2:27:22 PM
26001158,1,S4,00020,,2,6/18/2026 10:01:28 AM,6/22/2026 9:55:40 AM
2713374,1,SZ,00010,,2,6/4/2026 11:25:07 AM,6/8/2026 7:50:03 AM
2714206,1,S4,00010,,2,6/5/2026 1:49:36 PM,6/9/2026 9:06:10 AM
2717196,1,S4,00010,,2,6/9/2026 1:35:06 PM,6/11/2026 4:39:16 PM
26001171,1,SA,00020,,6,6/19/2026 7:58:37 AM,6/29/2026 1:18:54 PM
26001080,1,S4,00020,,23,6/5/2026 8:43:21 AM,7/8/2026 2:43:11 PM
26001093,1,S4,00020,,25,6/9/2026 10:56:04 AM,7/14/2026 12:46:34 PM
26001119,1,S4,00020,,6,6/10/2026 4:08:42 PM,6/18/2026 1:40:47 PM
26001210,1,S4,00020,,5,6/26/2026 11:24:39 AM,7/3/2026 3:19:39 PM
2716520,1,S4,00010,,3,6/8/2026 4:13:24 PM,6/11/2026 1:44:58 PM
2718366,1,S4,00030,,13,6/11/2026 1:14:08 PM,6/30/2026 8:01:09 PM
2718769,1,S4,00010,,3,6/11/2026 1:34:22 PM,6/16/2026 9:39:20 AM
2724164,1,S4,00010,,6,6/18/2026 4:05:10 PM,6/26/2026 3:15:52 PM
2726426,1,S4,00030,,9,6/22/2026 11:03:03 AM,7/3/2026 8:01:09 PM
2726816,1,S4,00010,,15,6/22/2026 11:53:18 AM,7/13/2026 8:57:18 AM
2732562,1,S4,00035,,3,6/30/2026 8:38:26 AM,7/3/2026 5:11:51 PM
2732783,1,S4,00010,,5,6/30/2026 9:33:28 AM,7/7/2026 2:50:06 PM
2711230,2,S4,00010,,1,6/1/2026 5:07:33 PM,6/2/2026 9:50:08 AM
2712699,2,S4,00010,,1,6/3/2026 3:10:40 PM,6/4/2026 4:26:59 PM
2713505,2,S4,00010,,1,6/4/2026 3:39:28 PM,6/5/2026 8:22:41 AM
2713908,2,S4,00035,,0,6/5/2026 4:18:28 PM,6/5/2026 4:25:42 PM
2723944,2,S4,00010,,0,6/18/2026 8:37:02 AM,6/18/2026 11:47:43 AM
2724217,2,S4,00010,,1,6/19/2026 9:23:04 AM,6/22/2026 1:59:18 PM
26001059,6,S4,00020,,1,6/3/2026 10:53:43 AM,6/4/2026 2:27:22 PM
26001135,4,S4,00020,,1,6/12/2026 3:29:51 PM,6/15/2026 2:17:02 PM
26001138,7,S4,00020,,0,6/15/2026 9:02:07 AM,6/15/2026 1:06:17 PM
26001150,6,S4,00020,,2,6/16/2026 4:32:42 PM,6/18/2026 10:28:01 AM
26001163,6,S4,00020,,0,6/18/2026 11:10:41 AM,6/18/2026 4:22:07 PM
26001177,7,S4,00020,,0,6/24/2026 10:31:50 AM,6/24/2026 3:35:10 PM
2715940,6,S4,00034,,0,6/8/2026 10:47:10 AM,6/8/2026 3:01:05 PM
2715940,19,S4,00034,,0,6/8/2026 10:55:01 AM,6/8/2026 3:01:06 PM
2723635,5,S4,00030,,4,6/18/2026 11:09:52 AM,6/24/2026 8:01:08 PM
2711647,3,S4,00035,,0,6/23/2026 2:02:59 PM,6/23/2026 2:04:16 PM
2722060,3,S4,00034,,0,6/16/2026 10:42:43 AM,6/16/2026 3:01:03 PM
2711035,1,S4,00010,,1,6/1/2026 10:48:49 AM,6/2/2026 9:50:08 AM
2711724,1,S4,00010,,1,6/2/2026 8:21:52 AM,6/3/2026 9:50:42 AM
2711919,1,S4,00010,,1,6/2/2026 2:05:25 PM,6/3/2026 6:50:06 AM
2711971,1,S4,00010,,1,6/2/2026 3:52:45 PM,6/3/2026 9:02:51 AM
2712699,1,S4,00010,,1,6/3/2026 3:10:40 PM,6/4/2026 4:26:59 PM
2713505,1,S4,00010,,1,6/4/2026 3:39:27 PM,6/5/2026 8:22:41 AM
2716326,1,S4,00010,,1,6/8/2026 10:31:50 AM,6/9/2026 7:04:25 AM
2718718,1,S4,00010,,1,6/11/2026 12:18:31 PM,6/12/2026 8:50:07 AM
2719563,1,S4,00010,,1,6/12/2026 2:09:36 PM,6/15/2026 10:50:07 AM
2722553,1,S4,00010,,1,6/16/2026 2:26:01 PM,6/17/2026 8:50:06 AM
2724100,1,S4,00010,,1,6/18/2026 1:31:33 PM,6/19/2026 7:51:22 AM
2724711,1,S4,00010,,1,6/19/2026 3:17:28 PM,6/22/2026 8:50:05 AM
2728377,1,S4,00010,,1,6/24/2026 12:15:29 PM,6/25/2026 9:50:08 AM
2728533,1,S4,00010,,1,6/24/2026 4:51:55 PM,6/25/2026 8:50:06 AM
2730041,1,S4,00010,,1,6/26/2026 4:16:23 PM,6/29/2026 8:50:07 AM
26001133,1,S4,00020,,1,6/12/2026 2:17:31 PM,6/15/2026 9:27:14 AM
26001146,1,S4,00020,,1,6/16/2026 2:03:09 PM,6/17/2026 11:24:46 AM
2712387,1,S4,00034,,1,6/3/2026 4:50:52 PM,6/4/2026 3:01:05 PM
2716781,1,S4,00035,,1,6/9/2026 12:15:31 PM,6/10/2026 1:01:56 PM
2717717,1,S4,00035,,1,6/10/2026 5:11:51 PM,6/11/2026 4:25:08 PM
2719082,1,S4,00030,,1,6/12/2026 11:22:41 AM,6/15/2026 8:01:05 PM
26001094,1,S4,00020,,0,6/9/2026 11:17:41 AM,6/9/2026 2:06:16 PM
26001224,1,S4,00020,,0,6/30/2026 9:35:33 AM,6/30/2026 2:53:56 PM
2713310,1,S4,00010,,0,6/4/2026 9:27:34 AM,6/4/2026 9:30:24 AM
2713908,1,S4,00035,,0,6/5/2026 4:18:23 PM,6/5/2026 4:25:42 PM
2718653,1,S4,00010,,0,6/11/2026 10:22:26 AM,6/11/2026 10:27:13 AM
2721305,1,S4,00034,,0,6/15/2026 11:17:25 AM,6/15/2026 3:01:07 PM
2723203,1,S4,00010,,0,6/17/2026 10:24:04 AM,6/17/2026 3:02:05 PM
2723944,1,S4,00010,,0,6/18/2026 8:37:02 AM,6/18/2026 11:47:43 AM
2727272,1,S4,00034,,0,6/23/2026 1:49:30 PM,6/23/2026 3:01:07 PM
2727480,1,S4,00010,,0,6/23/2026 8:25:38 AM,6/23/2026 8:47:42 AM
2728169,1,S4,00035,,0,6/24/2026 5:51:24 PM,6/24/2026 5:57:48 PM
26001081,1,S4,00020,,2,6/5/2026 8:45:33 AM,6/9/2026 1:45:36 PM
2716118,1,S4,00030,,2,6/8/2026 3:35:07 PM,6/10/2026 8:01:08 PM
2724217,1,S4,00010,,2,6/18/2026 5:21:55 PM,6/22/2026 1:59:18 PM
2724763,1,S4,00010,,2,6/19/2026 4:46:33 PM,6/23/2026 10:50:07 AM
2727623,1,SZ,00010,,2,6/23/2026 12:25:09 PM,6/25/2026 2:53:24 PM
26001068,1,S4,00020,,8,6/3/2026 2:47:37 PM,6/15/2026 9:27:14 AM
26001120,1,S4,00020,,10,6/11/2026 8:05:58 AM,6/25/2026 2:27:25 PM
26001159,1,S4,00020,,19,6/18/2026 10:29:46 AM,7/15/2026 10:07:08 AM
26001172,1,S4,00020,,16,6/19/2026 2:00:00 PM,7/13/2026 11:31:15 AM
26001185,1,S4,00020,,3,6/24/2026 8:34:55 AM,6/29/2026 9:26:50 AM
26001198,1,S4,00020,,3,6/25/2026 12:35:13 PM,6/30/2026 3:28:50 PM
2717132,1,S4,00010,,4,6/9/2026 11:27:50 AM,6/15/2026 11:47:10 AM
2727688,1,S4,00010,,12,6/23/2026 2:39:58 PM,7/9/2026 1:56:51 PM
2727753,1,S4,00010,,6,6/23/2026 4:47:27 PM,7/1/2026 4:30:37 PM
2729092,1,S4,00010,,3,6/25/2026 10:24:20 AM,6/30/2026 7:50:08 AM
2712947,2,SA,00030,,1,6/4/2026 1:56:22 PM,6/5/2026 8:01:05 PM
2711439,2,S4,00034,,0,6/2/2026 11:17:51 AM,6/2/2026 3:01:06 PM
2711647,2,S4,00035,,15,6/2/2026 5:37:42 PM,6/23/2026 2:04:16 PM
2716119,2,S4,00030,,10,6/8/2026 3:37:53 PM,6/22/2026 8:01:04 PM
2719161,2,S4,00035,,7,6/12/2026 1:39:09 PM,6/23/2026 3:56:40 PM
2721800,2,S4,00010,,2,6/15/2026 2:38:16 PM,6/17/2026 1:02:52 PM
2722060,2,S4,00034,,0,6/16/2026 10:42:43 AM,6/16/2026 3:01:03 PM
2724712,2,S4,00010,,1,6/19/2026 3:22:39 PM,6/22/2026 2:40:23 PM
2729795,2,S4,00010,,1,6/26/2026 8:51:02 AM,6/29/2026 11:50:03 AM
2732070,2,S4,00010,,2,6/29/2026 11:03:08 AM,7/1/2026 8:31:21 AM
26001059,5,S4,00020,,1,6/3/2026 10:53:43 AM,6/4/2026 2:27:22 PM
26001101,8,S4,00020,,0,6/15/2026 10:40:52 AM,6/15/2026 1:06:46 PM
26001111,5,S4,00020,,1,6/10/2026 2:37:47 PM,6/11/2026 1:51:45 PM
26001138,6,S4,00020,,0,6/15/2026 9:02:07 AM,6/15/2026 1:06:17 PM
26001150,5,S4,00020,,2,6/16/2026 4:32:42 PM,6/18/2026 10:28:01 AM
26001163,5,S4,00020,,0,6/18/2026 11:10:41 AM,6/18/2026 4:22:07 PM
26001177,6,S4,00020,,2,6/22/2026 10:36:39 AM,6/24/2026 3:35:10 PM
2715940,5,S4,00034,,0,6/8/2026 10:47:05 AM,6/8/2026 3:01:05 PM
2715940,18,S4,00034,,0,6/8/2026 10:54:55 AM,6/8/2026 3:01:06 PM
2723635,4,S4,00030,,4,6/18/2026 11:09:51 AM,6/24/2026 8:01:08 PM
26001135,3,S4,00020,,1,6/12/2026 3:25:42 PM,6/15/2026 2:17:02 PM
26001226,3,S4,00020,,5,6/30/2026 1:56:08 PM,7/7/2026 3:33:07 PM
2713312,3,S4,00010,,0,6/11/2026 7:52:57 AM,6/11/2026 8:08:06 AM
2723699,3,S4,00030,,1,6/18/2026 1:02:07 PM,6/19/2026 8:01:07 PM
2726897,3,S4,00010,,1,6/23/2026 2:56:13 PM,6/24/2026 1:40:11 PM
2713506,1,S4,00010,,1,6/4/2026 3:40:28 PM,6/5/2026 7:50:07 AM
2714299,1,S4,00010,,1,6/5/2026 4:39:12 PM,6/8/2026 9:29:42 AM
2717133,1,S4,00010,,1,6/9/2026 11:25:02 AM,6/10/2026 8:50:03 AM
2717926,1,S4,00010,,1,6/10/2026 11:30:03 AM,6/11/2026 8:53:20 AM
2723347,1,S4,00010,,1,6/17/2026 2:42:58 PM,6/18/2026 7:50:06 AM
2724595,1,S4,00010,,1,6/19/2026 11:37:05 AM,6/22/2026 2:41:22 PM
2724712,1,S4,00010,,1,6/19/2026 3:22:38 PM,6/22/2026 2:40:23 PM
2726896,1,S4,00010,,1,6/22/2026 2:19:52 PM,6/23/2026 9:28:37 AM
2726948,1,S4,00010,,1,6/22/2026 3:28:49 PM,6/23/2026 10:50:08 AM
2727689,1,S4,00010,,1,6/23/2026 2:52:39 PM,6/24/2026 11:50:05 AM
2727910,1,S4,00010,,1,6/23/2026 9:52:25 PM,6/24/2026 10:06:57 AM
2729314,1,S4,00010,,1,6/25/2026 5:09:52 PM,6/26/2026 8:50:06 AM
2730042,1,S4,00010,,1,6/26/2026 4:26:32 PM,6/29/2026 8:50:07 AM
2732252,1,S4,00010,,1,6/29/2026 4:05:59 PM,6/30/2026 7:50:08 AM
26001043,1,S4,00020,,1,6/1/2026 10:24:46 AM,6/2/2026 9:35:54 AM
26001069,1,S4,00020,,1,6/3/2026 3:02:23 PM,6/4/2026 2:27:23 PM
26001095,1,S4,00020,,1,6/9/2026 12:06:38 PM,6/10/2026 1:25:01 PM
26001173,1,S4,00020,,1,6/19/2026 2:03:39 PM,6/22/2026 3:52:45 PM
26001199,1,S4,00020,,1,6/25/2026 2:56:30 PM,6/26/2026 2:29:54 PM
2711569,1,S4,00035,,1,6/2/2026 3:26:08 PM,6/3/2026 1:20:16 PM
2721384,1,S4,00030,,1,6/15/2026 1:43:16 PM,6/16/2026 8:01:07 PM
2721592,1,SA,00010,,0,6/15/2026 8:18:29 AM,6/15/2026 8:38:08 AM
26001186,1,S4,00020,,0,6/24/2026 8:59:17 AM,6/24/2026 11:31:58 AM
26001225,1,S4,00020,,0,6/30/2026 10:41:39 AM,6/30/2026 3:28:50 PM
2711439,1,S4,00034,,0,6/2/2026 11:17:51 AM,6/2/2026 3:01:06 PM
2712700,1,S4,00010,,0,6/3/2026 2:52:47 PM,6/3/2026 2:53:06 PM
2713311,1,S4,00010,,0,6/4/2026 9:35:29 AM,6/4/2026 9:35:59 AM
2713467,1,S4,00010,,0,6/4/2026 2:49:31 PM,6/4/2026 2:49:56 PM
2716028,1,S4,00034,,0,6/8/2026 1:08:24 PM,6/8/2026 3:01:06 PM
2716704,1,S4,00034,,0,6/9/2026 9:31:21 AM,6/9/2026 3:01:04 PM
2717614,1,S4,00034,,0,6/10/2026 2:04:27 PM,6/10/2026 3:01:03 PM
2718719,1,S4,00010,,0,6/11/2026 12:46:12 PM,6/11/2026 3:50:06 PM
2721670,1,S4,00010,,0,6/15/2026 10:33:37 AM,6/15/2026 11:45:41 AM
2722060,1,S4,00034,,0,6/16/2026 10:42:43 AM,6/16/2026 3:01:03 PM
26001108,1,S4,00020,,2,6/10/2026 11:27:11 AM,6/12/2026 3:51:56 PM
26001121,1,S4,00020,,2,6/11/2026 8:34:13 AM,6/15/2026 1:06:17 PM
2721800,1,S4,00010,,2,6/15/2026 2:38:16 PM,6/17/2026 1:02:52 PM
2722450,1,SZ,00010,,2,6/16/2026 10:55:07 AM,6/18/2026 10:39:39 AM
2722619,1,S4,00010,,2,6/16/2026 4:04:45 PM,6/18/2026 4:17:56 PM
2724660,1,S4,00010,,2,6/19/2026 1:32:16 PM,6/23/2026 3:12:01 PM
2727624,1,SZ,00010,,2,6/23/2026 12:25:10 PM,6/25/2026 2:42:28 PM
2733006,1,S4,00010,,2,6/30/2026 4:38:38 PM,7/2/2026 9:50:05 AM
26001147,1,S4,00020,,3,6/16/2026 2:36:14 PM,6/19/2026 2:26:15 PM
26001160,1,S4,00020,,5,6/18/2026 10:33:29 AM,6/25/2026 1:09:43 PM
2711647,1,S4,00035,,15,6/2/2026 5:37:42 PM,6/23/2026 2:04:16 PM
2716067,1,S4,00030,,16,6/8/2026 2:25:04 PM,6/30/2026 8:01:09 PM
2716119,1,S4,00030,,10,6/8/2026 3:37:53 PM,6/22/2026 8:01:04 PM
2719161,1,S4,00035,,7,6/12/2026 1:39:09 PM,6/23/2026 3:56:39 PM
2724764,1,S4,00010,,4,6/19/2026 4:51:55 PM,6/25/2026 9:50:08 AM
2713312,2,S4,00010,,0,6/10/2026 2:33:12 PM,6/10/2026 3:01:32 PM
2721385,2,S4,00035,,3,6/15/2026 1:55:04 PM,6/18/2026 12:48:21 PM
2722620,2,S4,00010,,2,6/16/2026 4:11:23 PM,6/18/2026 8:18:01 AM
2722854,2,S4,00034,,0,6/17/2026 11:26:15 AM,6/17/2026 3:01:04 PM
2723348,2,S4,00010,,1,6/17/2026 2:44:41 PM,6/18/2026 10:36:00 AM
2723387,2,S4,00010,,1,6/17/2026 3:34:38 PM,6/18/2026 6:50:03 AM
2723699,2,S4,00030,,1,6/18/2026 1:02:07 PM,6/19/2026 8:01:07 PM
2726897,2,S4,00010,,2,6/22/2026 2:39:15 PM,6/24/2026 1:40:11 PM
2726949,2,S4,00010,,0,6/25/2026 3:03:57 PM,6/25/2026 3:05:02 PM
2728327,2,S4,00010,,1,6/24/2026 10:32:14 AM,6/25/2026 12:08:49 PM
2728938,2,S4,00034,,1,6/25/2026 5:18:16 PM,6/26/2026 3:01:05 PM
2732019,2,S4,00010,,0,6/29/2026 9:04:23 AM,6/29/2026 11:33:07 AM
2732253,2,S4,00010,,1,6/29/2026 4:33:10 PM,6/30/2026 11:07:03 AM
2732864,2,S4,00010,,1,6/30/2026 11:40:28 AM,7/1/2026 10:29:09 AM
26001059,4,S4,00020,,1,6/3/2026 10:53:43 AM,6/4/2026 2:27:22 PM
26001101,7,S4,00020,,0,6/15/2026 10:40:52 AM,6/15/2026 1:06:46 PM
26001111,4,S4,00020,,1,6/10/2026 2:37:47 PM,6/11/2026 1:51:44 PM
26001138,5,S4,00020,,0,6/15/2026 9:02:06 AM,6/15/2026 1:06:17 PM
26001150,4,S4,00020,,2,6/16/2026 4:32:42 PM,6/18/2026 10:28:01 AM
26001163,4,S4,00020,,0,6/18/2026 11:10:41 AM,6/18/2026 4:22:07 PM
26001177,5,S4,00020,,2,6/22/2026 10:36:39 AM,6/24/2026 3:35:10 PM
2714030,5,S4,00010,,1,6/5/2026 8:40:16 AM,6/8/2026 10:33:17 AM
2715940,4,S4,00034,,0,6/8/2026 10:47:00 AM,6/8/2026 3:01:05 PM
2715940,17,S4,00034,,0,6/8/2026 10:54:50 AM,6/8/2026 3:01:05 PM
2727707,6,S4,00010,,2,6/23/2026 3:45:24 PM,6/25/2026 9:50:08 AM
26001123,3,S4,00020,,1,6/11/2026 10:59:19 AM,6/12/2026 10:41:00 AM
2719579,3,S4,00010,,1,6/12/2026 2:38:51 PM,6/15/2026 10:08:53 AM
2722153,3,S4,00034,,0,6/16/2026 1:48:23 PM,6/16/2026 3:01:03 PM
2723349,3,S4,00010,,1,6/17/2026 2:43:11 PM,6/18/2026 12:22:39 PM
2723635,3,S4,00030,,4,6/18/2026 11:09:51 AM,6/24/2026 8:01:08 PM
2724233,3,S4,00010,,2,6/18/2026 5:43:05 PM,6/22/2026 2:02:16 PM
2726443,3,S4,00034,,0,6/22/2026 11:53:45 AM,6/22/2026 3:01:04 PM
2726521,3,S4,00034,,0,6/22/2026 2:17:32 PM,6/22/2026 3:01:04 PM
2726950,3,S4,00010,,0,6/22/2026 3:47:57 PM,6/22/2026 3:48:29 PM
2710998,1,S4,00010,,1,6/1/2026 9:31:33 AM,6/2/2026 9:50:08 AM
2711869,1,S4,00010,,1,6/2/2026 12:50:30 PM,6/3/2026 9:50:08 AM
2712636,1,S4,00010,,1,6/3/2026 12:34:42 PM,6/4/2026 11:31:32 AM
2712766,1,S4,00010,,1,6/3/2026 4:29:26 PM,6/4/2026 8:13:31 AM
2713312,1,S4,00010,,1,6/4/2026 9:53:02 AM,6/5/2026 7:50:07 AM
2716406,1,S4,00010,,1,6/8/2026 12:38:20 PM,6/9/2026 10:50:06 AM
2717095,1,S4,00010,,1,6/9/2026 10:12:25 AM,6/10/2026 8:15:00 AM
2717927,1,S4,00010,,1,6/10/2026 11:36:45 AM,6/11/2026 9:50:06 AM
2718044,1,S4,00010,,1,6/10/2026 3:25:09 PM,6/11/2026 9:42:14 AM
2718122,1,S4,00010,,1,6/10/2026 5:31:03 PM,6/11/2026 9:50:06 AM
2718785,1,S4,00010,,1,6/11/2026 2:17:21 PM,6/12/2026 8:50:07 AM
2719448,1,S4,00010,,1,6/12/2026 10:48:19 AM,6/15/2026 6:50:05 AM
2721749,1,S4,00010,,1,6/15/2026 1:23:45 PM,6/16/2026 9:50:03 AM
2723348,1,S4,00010,,1,6/17/2026 2:44:41 PM,6/18/2026 10:36:00 AM
2724596,1,S4,00010,,1,6/19/2026 11:38:40 AM,6/22/2026 12:50:04 PM
2724661,1,S4,00010,,1,6/19/2026 1:47:28 PM,6/22/2026 10:50:07 AM
2726949,1,S4,00010,,1,6/22/2026 3:45:58 PM,6/23/2026 10:50:08 AM
2727560,1,S4,00010,,1,6/23/2026 11:06:57 AM,6/24/2026 10:50:07 AM
2727911,1,S4,00010,,1,6/23/2026 9:55:58 PM,6/24/2026 10:05:24 AM
2728327,1,S4,00010,,1,6/24/2026 10:32:14 AM,6/25/2026 12:08:48 PM
2729796,1,S4,00010,,1,6/26/2026 8:53:31 AM,6/29/2026 11:50:03 AM
2729848,1,S4,00010,,1,6/26/2026 10:12:08 AM,6/29/2026 12:23:35 PM
2732201,1,S4,00010,,1,6/29/2026 2:46:39 PM,6/30/2026 2:50:03 PM
2732734,1,S4,00010,,1,6/30/2026 7:45:51 AM,7/1/2026 4:43:33 PM
2732799,1,S4,00010,,1,6/30/2026 9:47:00 AM,7/1/2026 9:50:05 AM
26001109,1,S4,00020,,1,6/10/2026 11:31:03 AM,6/11/2026 11:32:50 AM
26001135,1,S4,00020,,1,6/12/2026 3:25:42 PM,6/15/2026 2:17:02 PM
26001213,1,S4,00020,,1,6/29/2026 10:11:50 AM,6/30/2026 11:21:26 AM
2713169,1,S4,00034,,1,6/4/2026 5:13:53 PM,6/5/2026 3:01:04 PM
2716029,1,S4,00030,,1,6/8/2026 1:09:18 PM,6/9/2026 8:01:12 PM
2723699,1,S4,00030,,1,6/18/2026 1:02:06 PM,6/19/2026 8:01:07 PM
2723829,1,S4,00035,,1,6/18/2026 5:02:30 PM,6/21/2026 12:56:54 AM
2723894,1,S4,00035,,1,6/18/2026 1:42:29 PM,6/19/2026 3:02:42 PM
2728938,1,S4,00034,,1,6/25/2026 4:58:06 PM,6/26/2026 3:01:05 PM
2731811,1,S4,00030,,1,6/29/2026 2:36:18 PM,6/30/2026 8:01:09 PM
26001083,1,S4,00020,,0,6/5/2026 10:08:09 AM,6/5/2026 4:21:48 PM
26001096,1,S4,00020,,0,6/9/2026 12:35:25 PM,6/9/2026 2:06:16 PM
26001174,1,S4,00020,,0,6/22/2026 9:34:28 AM,6/22/2026 2:39:40 PM
26001187,1,S4,00020,,0,6/24/2026 9:05:57 AM,6/24/2026 11:31:58 AM
2712571,1,S4,00010,,0,6/3/2026 10:33:02 AM,6/3/2026 10:33:17 AM
2714157,1,S4,00010,,0,6/5/2026 12:03:31 PM,6/5/2026 12:03:54 PM
2717017,1,S4,00010,,0,6/9/2026 7:43:07 AM,6/9/2026 7:43:30 AM
2717472,1,S4,00034,,0,6/10/2026 9:45:57 AM,6/10/2026 3:01:03 PM
2717615,1,S4,00034,,0,6/10/2026 2:13:06 PM,6/10/2026 3:01:03 PM
2720007,1,S4,00035,,0,6/13/2026 4:35:09 PM,6/15/2026 1:11:43 PM
2722854,1,S4,00034,,0,6/17/2026 11:26:15 AM,6/17/2026 3:01:04 PM
2727144,1,S4,00010,,0,6/22/2026 9:47:53 PM,6/22/2026 9:48:17 PM
2732019,1,S4,00010,,0,6/29/2026 9:04:23 AM,6/29/2026 10:50:06 AM
26001044,1,S4,00020,,2,6/1/2026 11:51:11 AM,6/3/2026 10:04:42 AM
26001057,1,S4,00020,,2,6/3/2026 10:21:33 AM,6/5/2026 11:09:06 AM
26001070,1,S4,00020,,2,6/3/2026 3:39:40 PM,6/5/2026 5:17:06 PM
2717290,1,S4,00010,,2,6/9/2026 4:12:15 PM,6/11/2026 2:36:09 PM
2722451,1,SZ,00010,,2,6/16/2026 10:55:08 AM,6/18/2026 10:43:41 AM
2727625,1,SZ,00010,,2,6/23/2026 12:25:11 PM,6/25/2026 2:52:26 PM
2728535,1,S4,00010,,2,6/24/2026 5:05:25 PM,6/26/2026 7:50:04 AM
2729250,1,SZ,00010,,2,6/25/2026 2:55:10 PM,6/29/2026 10:50:06 AM
2711167,1,SZ,00010,,13,6/1/2026 2:25:11 PM,6/18/2026 4:22:13 PM
26001148,1,S4,00020,,4,6/16/2026 3:18:17 PM,6/22/2026 9:51:59 AM
26001161,1,S4,00020,,5,6/18/2026 10:36:33 AM,6/25/2026 1:09:43 PM
26001200,1,S4,00020,,16,6/25/2026 3:27:41 PM,7/17/2026 2:17:55 PM
2716471,1,S4,00010,,4,6/9/2026 1:50:17 PM,6/15/2026 7:50:57 AM
2718980,1,S4,00010,,9,6/11/2026 8:03:42 PM,6/24/2026 1:44:57 PM
2721385,1,S4,00035,,3,6/15/2026 1:55:04 PM,6/18/2026 12:48:21 PM
2722516,1,S4,00010,,9,6/16/2026 1:01:06 PM,6/29/2026 10:50:06 AM
2726572,1,S4,00035,,5,6/22/2026 11:49:46 AM,6/29/2026 1:03:03 PM
26001084,2,SA,00020,,0,6/5/2026 10:32:40 AM,6/5/2026 4:21:48 PM
2711103,2,SA,00010,,1,6/1/2026 12:28:42 PM,6/2/2026 11:31:03 AM
26001123,2,S4,00020,,1,6/11/2026 10:59:18 AM,6/12/2026 10:41:00 AM
26001136,2,S4,00020,,5,6/12/2026 3:39:23 PM,6/19/2026 10:11:39 AM
26001214,2,S4,00020,,3,6/29/2026 11:50:51 AM,7/2/2026 4:56:57 AM
2717616,2,S4,00030,,1,6/10/2026 2:19:25 PM,6/11/2026 8:01:08 PM
2718981,2,S4,00010,,9,6/11/2026 8:12:00 PM,6/24/2026 10:08:16 AM
2719579,2,S4,00010,,1,6/12/2026 2:38:51 PM,6/15/2026 10:08:53 AM
2722153,2,S4,00034,,0,6/16/2026 1:48:23 PM,6/16/2026 3:01:03 PM
2723349,2,S4,00010,,1,6/17/2026 2:43:11 PM,6/18/2026 12:22:39 PM
2723635,2,S4,00030,,4,6/18/2026 11:09:51 AM,6/24/2026 8:01:08 PM
2726443,2,S4,00034,,0,6/22/2026 11:53:40 AM,6/22/2026 3:01:04 PM
2726950,2,S4,00010,,0,6/22/2026 3:47:57 PM,6/22/2026 3:48:29 PM
2729797,2,S4,00010,,1,6/26/2026 8:56:21 AM,6/29/2026 11:50:03 AM
26001101,6,S4,00020,,0,6/15/2026 10:40:51 AM,6/15/2026 1:06:46 PM
26001138,4,S4,00020,,0,6/15/2026 9:02:06 AM,6/15/2026 1:06:17 PM
26001177,4,S4,00020,,2,6/22/2026 10:36:39 AM,6/24/2026 3:35:10 PM
2712510,5,S4,00010,,4,6/3/2026 9:21:31 AM,6/9/2026 1:59:58 PM
2714030,4,S4,00010,,1,6/5/2026 8:40:16 AM,6/8/2026 10:33:17 AM
2715940,16,S4,00034,,0,6/8/2026 10:54:45 AM,6/8/2026 3:01:05 PM
2727707,5,S4,00010,,3,6/23/2026 3:45:24 PM,6/26/2026 7:50:04 AM
26001059,3,S4,00020,,1,6/3/2026 10:53:43 AM,6/4/2026 2:27:22 PM
26001111,3,S4,00020,,1,6/10/2026 2:37:46 PM,6/11/2026 1:51:44 PM
26001150,3,S4,00020,,2,6/16/2026 4:32:41 PM,6/18/2026 10:28:01 AM
26001163,3,S4,00020,,0,6/18/2026 11:10:40 AM,6/18/2026 4:22:07 PM
2715940,3,S4,00034,,0,6/8/2026 10:46:54 AM,6/8/2026 3:01:05 PM
2722570,3,S4,00010,,2,6/16/2026 2:36:41 PM,6/18/2026 8:15:23 AM
2723350,3,S4,00010,,1,6/17/2026 2:45:35 PM,6/18/2026 12:09:09 PM
2723701,3,S4,00030,,1,6/18/2026 7:56:18 AM,6/19/2026 8:01:07 PM
2711246,1,S4,00010,,1,6/1/2026 5:10:17 PM,6/2/2026 11:20:45 AM
2711935,1,S4,00010,,1,6/2/2026 2:44:13 PM,6/3/2026 9:50:08 AM
2712559,1,S4,00010,,1,6/3/2026 10:00:04 AM,6/4/2026 8:14:19 AM
2712637,1,S4,00010,,1,6/3/2026 12:53:16 PM,6/4/2026 4:50:08 PM
2712767,1,S4,00010,,1,6/3/2026 4:46:07 PM,6/4/2026 7:50:05 AM
2713313,1,S4,00010,,1,6/4/2026 9:45:21 AM,6/5/2026 8:33:56 AM
2716342,1,S4,00010,,1,6/8/2026 10:36:09 AM,6/9/2026 10:50:06 AM
2717291,1,S4,00010,,1,6/9/2026 4:07:19 PM,6/10/2026 9:45:37 AM
2717928,1,S4,00010,,1,6/10/2026 11:48:46 AM,6/11/2026 9:50:06 AM
2718669,1,S4,00010,,1,6/11/2026 10:29:43 AM,6/12/2026 8:23:30 AM
2719579,1,S4,00010,,1,6/12/2026 2:38:51 PM,6/15/2026 10:08:53 AM
2723349,1,S4,00010,,1,6/17/2026 2:43:11 PM,6/18/2026 12:22:39 PM
2723388,1,S4,00010,,1,6/17/2026 3:42:44 PM,6/18/2026 6:50:03 AM
2724545,1,S4,00010,,1,6/19/2026 10:19:50 AM,6/22/2026 12:50:04 PM
2728393,1,S4,00010,,1,6/24/2026 12:28:09 PM,6/25/2026 9:50:08 AM
2728432,1,S4,00010,,1,6/24/2026 2:07:47 PM,6/25/2026 9:50:09 AM
2729186,1,S4,00010,,1,6/25/2026 1:05:50 PM,6/26/2026 12:48:58 PM
2729251,1,S4,00010,,1,6/25/2026 3:24:12 PM,6/26/2026 9:50:07 AM
2729849,1,S4,00010,,1,6/26/2026 10:16:13 AM,6/29/2026 5:06:32 PM
2711103,1,SA,00010,,1,6/1/2026 12:28:41 PM,6/2/2026 11:31:03 AM
2729979,1,SA,00010,,1,6/26/2026 2:22:11 PM,6/29/2026 2:50:06 PM
26001071,1,S4,00020,,1,6/3/2026 3:45:18 PM,6/4/2026 2:38:42 PM
26001110,1,S4,00020,,1,6/10/2026 1:53:44 PM,6/11/2026 3:03:15 PM
26001123,1,S4,00020,,1,6/11/2026 10:59:18 AM,6/12/2026 10:41:00 AM
26001149,1,S4,00020,,1,6/16/2026 4:10:28 PM,6/17/2026 1:38:03 PM
26001162,1,S4,00020,,1,6/18/2026 10:45:15 AM,6/19/2026 9:01:44 AM
26001201,1,S4,00020,,1,6/25/2026 4:26:43 PM,6/26/2026 11:39:28 AM
2713170,1,S4,00035,,1,6/4/2026 5:19:56 PM,6/5/2026 3:30:13 PM
2717616,1,S4,00030,,1,6/10/2026 2:19:25 PM,6/11/2026 8:01:08 PM
2717733,1,S4,00034,,1,6/10/2026 5:29:49 PM,6/11/2026 3:01:06 PM
2719241,1,S4,00030,,1,6/12/2026 4:20:30 PM,6/15/2026 8:01:05 PM
2722218,1,S4,00030,,1,6/16/2026 3:54:56 PM,6/17/2026 8:01:07 PM
2723830,1,S4,00035,,1,6/18/2026 5:03:06 PM,6/21/2026 1:00:34 AM
2723895,1,S4,00035,,1,6/18/2026 7:14:23 PM,6/21/2026 1:29:48 AM
26001175,1,S4,00020,,0,6/22/2026 9:47:05 AM,6/22/2026 11:20:59 AM
26001227,1,S4,00020,,0,6/30/2026 12:15:03 PM,6/30/2026 3:28:50 PM
2712338,1,S4,00034,,0,6/3/2026 2:57:14 PM,6/3/2026 3:01:05 PM
2713859,1,S4,00034,,0,6/5/2026 2:48:06 PM,6/5/2026 3:01:04 PM
2716030,1,S4,00034,,0,6/8/2026 1:11:16 PM,6/8/2026 3:01:06 PM
2722153,1,S4,00034,,0,6/16/2026 1:48:23 PM,6/16/2026 3:01:03 PM
2722452,1,S4,00010,,0,6/16/2026 11:07:55 AM,6/16/2026 11:08:11 AM
2726443,1,S4,00034,,0,6/22/2026 11:53:35 AM,6/22/2026 3:01:04 PM
2726521,1,S4,00034,,0,6/22/2026 2:17:31 PM,6/22/2026 3:01:04 PM
2726950,1,S4,00010,,0,6/22/2026 3:47:56 PM,6/22/2026 3:48:29 PM
2731760,1,S4,00035,,0,6/29/2026 1:14:17 PM,6/29/2026 3:00:30 PM
26001045,1,S4,00020,,2,6/1/2026 1:59:37 PM,6/3/2026 10:01:40 AM
26001097,1,S4,00020,,2,6/9/2026 12:44:31 PM,6/11/2026 3:03:15 PM
2718851,1,S4,00010,,2,6/11/2026 4:11:11 PM,6/15/2026 9:13:12 AM
2724233,1,S4,00010,,2,6/18/2026 5:43:05 PM,6/22/2026 2:02:16 PM
2727769,1,S4,00010,,2,6/23/2026 5:02:30 PM,6/25/2026 8:50:06 AM
2729914,1,S4,00010,,2,6/26/2026 12:25:00 PM,6/30/2026 9:44:12 AM
2732150,1,S4,00010,,2,6/29/2026 1:12:41 PM,7/1/2026 9:50:05 AM
26001058,1,S4,00020,,24,6/3/2026 10:34:40 AM,7/7/2026 3:33:07 PM
26001136,1,S4,00020,,5,6/12/2026 3:39:23 PM,6/19/2026 10:11:39 AM
26001214,1,S4,00020,,3,6/29/2026 11:50:51 AM,7/2/2026 4:56:57 AM
2711987,1,S4,00010,,5,6/2/2026 4:29:47 PM,6/9/2026 12:08:06 PM
2712130,1,S4,00030,,8,6/3/2026 8:51:03 AM,6/15/2026 8:01:05 PM
2718981,1,S4,00010,,9,6/11/2026 8:11:59 PM,6/24/2026 10:08:16 AM
2722569,1,S4,00010,,3,6/16/2026 3:10:30 PM,6/19/2026 11:50:07 AM
2723219,1,S4,00010,,4,6/17/2026 10:43:03 AM,6/23/2026 8:50:08 AM
2723700,1,S4,00030,,10,6/18/2026 1:07:37 PM,7/2/2026 8:01:06 PM
2724181,1,S4,00010,,7,6/18/2026 4:22:29 PM,6/29/2026 10:58:20 AM
26001059,2,S4,00020,,1,6/3/2026 10:53:43 AM,6/4/2026 2:27:22 PM
26001072,2,S4,00020,,2,6/4/2026 8:34:22 AM,6/8/2026 4:07:19 PM
26001111,2,S4,00020,,1,6/10/2026 2:37:46 PM,6/11/2026 1:51:44 PM
26001150,2,S4,00020,,2,6/16/2026 4:32:41 PM,6/18/2026 10:28:01 AM
26001163,2,S4,00020,,0,6/18/2026 11:10:40 AM,6/18/2026 4:22:07 PM
2711819,2,S4,00010,,0,6/2/2026 11:10:22 AM,6/2/2026 11:10:33 AM
2713483,2,S4,00010,,1,6/4/2026 3:16:42 PM,6/5/2026 8:31:05 AM
2715940,2,S4,00034,,0,6/8/2026 10:46:49 AM,6/8/2026 3:01:05 PM
2719580,2,S4,00010,,1,6/12/2026 2:47:21 PM,6/15/2026 11:59:00 AM
2722570,2,S4,00010,,2,6/16/2026 2:36:41 PM,6/18/2026 8:15:23 AM
2723350,2,S4,00010,,1,6/17/2026 2:45:35 PM,6/18/2026 12:09:09 PM
2723701,2,S4,00030,,1,6/18/2026 1:16:33 PM,6/19/2026 8:01:07 PM
2724481,2,S4,00010,,2,6/19/2026 8:05:14 AM,6/23/2026 2:35:51 PM
2724780,2,S4,00010,,5,6/19/2026 5:03:11 PM,6/26/2026 8:35:02 AM
26001101,5,S4,00020,,3,6/10/2026 8:04:07 AM,6/15/2026 9:14:55 AM
2712510,4,S4,00010,,4,6/3/2026 9:21:31 AM,6/9/2026 12:50:04 PM
2715940,15,S4,00034,,0,6/8/2026 10:54:39 AM,6/8/2026 3:01:05 PM
2722901,8,S4,00035,,0,6/17/2026 1:22:31 PM,6/17/2026 2:51:41 PM
2723352,4,S4,00010,,1,6/17/2026 2:50:41 PM,6/18/2026 11:58:35 AM
2727707,4,S4,00010,,2,6/23/2026 3:45:24 PM,6/25/2026 9:50:08 AM
2728513,4,S4,00010,,1,6/24/2026 4:15:28 PM,6/25/2026 10:01:57 AM
26001138,3,S4,00020,,0,6/15/2026 9:02:06 AM,6/15/2026 1:06:17 PM
26001164,3,S4,00020,,0,6/18/2026 11:12:10 AM,6/18/2026 3:03:01 PM
26001177,3,S4,00020,,2,6/22/2026 10:36:39 AM,6/24/2026 3:35:10 PM
2713484,3,S4,00010,,1,6/4/2026 3:22:11 PM,6/5/2026 9:16:56 AM
2714030,3,S4,00010,,1,6/5/2026 8:40:16 AM,6/8/2026 10:33:16 AM
2723351,3,S4,00010,,1,6/17/2026 2:48:04 PM,6/18/2026 12:11:09 PM
2711871,1,S4,00010,,1,6/2/2026 1:04:20 PM,6/3/2026 9:50:08 AM
2711936,1,S4,00010,,1,6/2/2026 2:42:23 PM,6/3/2026 10:50:07 AM
2712768,1,S4,00010,,1,6/3/2026 4:45:18 PM,6/4/2026 10:32:07 AM
2713483,1,S4,00010,,1,6/4/2026 3:16:41 PM,6/5/2026 8:31:05 AM
2713522,1,S4,00010,,1,6/4/2026 4:19:25 PM,6/5/2026 6:50:05 AM
2717292,1,S4,00010,,1,6/9/2026 4:10:41 PM,6/10/2026 9:50:07 AM
2718852,1,S4,00010,,1,6/11/2026 4:12:58 PM,6/12/2026 8:50:07 AM
2719528,1,S4,00010,,1,6/12/2026 1:11:51 PM,6/15/2026 10:50:07 AM
2719580,1,S4,00010,,1,6/12/2026 2:47:21 PM,6/15/2026 11:59:00 AM
2719658,1,S4,00010,,1,6/12/2026 4:57:16 PM,6/15/2026 10:10:16 AM
2723350,1,S4,00010,,1,6/17/2026 2:45:34 PM,6/18/2026 12:09:09 PM
2730058,1,S4,00010,,1,6/26/2026 5:05:14 PM,6/29/2026 10:50:06 AM
2732801,1,S4,00010,,1,6/30/2026 9:43:58 AM,7/1/2026 10:30:04 AM
26001046,1,S4,00020,,1,6/1/2026 2:03:31 PM,6/2/2026 11:41:29 AM
26001059,1,S4,00020,,1,6/3/2026 10:53:43 AM,6/4/2026 2:27:22 PM
26001111,1,S4,00020,,1,6/10/2026 2:37:46 PM,6/11/2026 1:51:44 PM
2712339,1,S4,00034,,1,6/3/2026 8:17:11 AM,6/4/2026 3:01:05 PM
2716876,1,S4,00034,,1,6/9/2026 3:22:43 PM,6/10/2026 3:01:03 PM
2719242,1,S4,00030,,1,6/12/2026 4:23:04 PM,6/15/2026 8:01:05 PM
2723701,1,S4,00030,,1,6/18/2026 1:16:33 PM,6/19/2026 8:01:07 PM
2723831,1,S4,00035,,1,6/18/2026 5:03:45 PM,6/21/2026 1:04:08 AM
2732671,1,S4,00035,,1,6/30/2026 5:44:41 PM,7/1/2026 2:36:18 PM
26001098,1,S4,00020,,0,6/9/2026 2:22:04 PM,6/9/2026 3:47:55 PM
26001124,1,S4,00020,,0,6/11/2026 11:07:54 AM,6/11/2026 3:03:15 PM
26001163,1,S4,00020,,0,6/18/2026 11:10:40 AM,6/18/2026 4:22:07 PM
26001176,1,S4,00020,,0,6/22/2026 10:17:03 AM,6/22/2026 3:16:55 PM
26001202,1,S4,00020,,0,6/26/2026 8:01:01 AM,6/26/2026 2:17:41 PM
26001215,1,S4,00020,,0,6/29/2026 12:25:22 PM,6/29/2026 4:46:34 PM
2710948,1,S4,00010,,0,6/1/2026 8:07:41 AM,6/1/2026 2:37:58 PM
2711819,1,S4,00010,,0,6/2/2026 11:10:22 AM,6/2/2026 11:10:33 AM
2713782,1,S4,00035,,0,6/5/2026 11:58:09 AM,6/5/2026 12:58:51 PM
2715940,1,S4,00034,,0,6/8/2026 10:46:44 AM,6/8/2026 3:01:05 PM
2715979,1,S4,00034,,0,6/8/2026 11:29:34 AM,6/8/2026 3:01:06 PM
2716343,1,S4,00010,,0,6/8/2026 10:43:49 AM,6/8/2026 10:44:04 AM
2718735,1,S4,00010,,0,6/11/2026 12:27:02 PM,6/11/2026 12:27:15 PM
2722804,1,S4,00034,,0,6/17/2026 9:33:41 AM,6/17/2026 3:01:04 PM
2729473,1,S4,00034,,0,6/26/2026 10:10:59 AM,6/26/2026 3:01:05 PM
26001072,1,S4,00020,,2,6/4/2026 8:34:21 AM,6/8/2026 4:07:19 PM
26001150,1,S4,00020,,2,6/16/2026 4:32:41 PM,6/18/2026 10:28:01 AM
2712716,1,S4,00010,,2,6/3/2026 3:26:07 PM,6/5/2026 6:50:05 AM
2714315,1,S4,00010,,2,6/5/2026 5:09:22 PM,6/9/2026 8:23:34 AM
2722570,1,S4,00010,,2,6/16/2026 2:36:41 PM,6/18/2026 8:15:23 AM
2724481,1,S4,00010,,2,6/19/2026 8:05:14 AM,6/23/2026 2:35:51 PM
2727705,1,S4,00010,,2,6/23/2026 2:57:24 PM,6/25/2026 10:03:24 AM
2728394,1,S4,00010,,2,6/24/2026 12:33:37 PM,6/26/2026 9:50:07 AM
2721686,1,SZ,00010,,3,6/15/2026 10:55:07 AM,6/18/2026 4:19:16 PM
2717890,1,S4,00010,,3,6/10/2026 10:48:11 AM,6/15/2026 7:50:07 AM
2731956,1,S4,00035,,7,6/29/2026 7:13:30 PM,7/8/2026 1:18:51 PM
2728876,2,SA,00030,,3,6/25/2026 3:09:28 AM,6/30/2026 8:01:09 PM
26001073,2,S4,00020,,0,6/4/2026 8:40:01 AM,6/4/2026 2:27:23 PM
26001138,2,S4,00020,,0,6/15/2026 9:02:06 AM,6/15/2026 1:06:17 PM
26001164,2,S4,00020,,0,6/18/2026 11:12:10 AM,6/18/2026 3:03:01 PM
26001177,2,S4,00020,,2,6/22/2026 10:36:38 AM,6/24/2026 3:35:10 PM
26001216,2,S4,00020,,2,6/29/2026 2:07:07 PM,7/1/2026 10:33:43 AM
26001229,2,S4,00020,,0,6/30/2026 12:49:27 PM,6/30/2026 3:18:53 PM
2713484,2,S4,00010,,1,6/4/2026 3:22:11 PM,6/5/2026 9:16:56 AM
2714030,2,S4,00010,,1,6/5/2026 8:40:16 AM,6/8/2026 10:33:16 AM
2723351,2,S4,00010,,1,6/17/2026 2:48:04 PM,6/18/2026 12:11:09 PM
2723832,2,S4,00035,,-1,6/21/2026 12:34:19 AM,6/21/2026 1:28:17 AM
2726393,2,S4,00034,,0,6/22/2026 10:16:33 AM,6/22/2026 3:01:04 PM
2727576,2,S4,00010,,7,6/23/2026 11:47:34 AM,7/2/2026 5:03:21 PM
2732802,2,S4,00010,,1,6/30/2026 10:04:45 AM,7/1/2026 9:49:01 AM
2728644,4,SA,00030,,1,6/30/2026 8:47:58 AM,7/1/2026 8:01:08 PM
26001077,6,S4,00020,,1,6/4/2026 2:34:17 PM,6/5/2026 11:09:06 AM
26001079,8,S4,00020,,3,6/4/2026 3:44:36 PM,6/9/2026 2:06:16 PM
26001101,4,S4,00020,,3,6/10/2026 8:04:07 AM,6/15/2026 9:14:55 AM
2715940,14,S4,00034,,0,6/8/2026 10:54:34 AM,6/8/2026 3:01:05 PM
2716049,6,S4,00030,,10,6/8/2026 2:06:37 PM,6/22/2026 8:01:04 PM
2722901,7,S4,00035,,0,6/17/2026 1:22:31 PM,6/17/2026 2:51:41 PM
2713485,3,S4,00010,,1,6/4/2026 3:24:37 PM,6/5/2026 9:09:44 AM
2723352,3,S4,00010,,1,6/17/2026 2:50:41 PM,6/18/2026 11:58:35 AM
2727707,3,S4,00010,,2,6/23/2026 3:45:24 PM,6/25/2026 9:50:08 AM
2729189,3,S4,00010,,2,6/25/2026 1:21:35 PM,6/29/2026 9:30:27 AM
2711053,1,S4,00010,,1,6/1/2026 11:42:05 AM,6/2/2026 11:29:53 AM
2713484,1,S4,00010,,1,6/4/2026 3:22:10 PM,6/5/2026 9:16:56 AM
2714030,1,S4,00010,,1,6/5/2026 8:40:16 AM,6/8/2026 10:33:16 AM
2716305,1,S4,00010,,1,6/8/2026 9:48:43 AM,6/9/2026 10:50:06 AM
2716487,1,S4,00010,,1,6/8/2026 3:33:52 PM,6/9/2026 7:50:06 AM
2717839,1,S4,00010,,1,6/10/2026 9:25:56 AM,6/11/2026 9:43:05 AM
2718853,1,S4,00010,,1,6/11/2026 4:15:29 PM,6/12/2026 8:50:07 AM
2721687,1,S4,00010,,1,6/15/2026 11:29:29 AM,6/16/2026 8:05:24 AM
2721765,1,S4,00010,,1,6/15/2026 1:43:11 PM,6/16/2026 9:50:03 AM
2722571,1,S4,00010,,1,6/16/2026 2:41:01 PM,6/17/2026 8:50:06 AM
2723351,1,S4,00010,,1,6/17/2026 2:48:03 PM,6/18/2026 12:11:09 PM
2724677,1,S4,00010,,1,6/19/2026 2:29:56 PM,6/22/2026 11:33:06 AM
2724781,1,S4,00010,,1,6/19/2026 5:02:01 PM,6/22/2026 11:50:07 AM
2726913,1,S4,00010,,1,6/22/2026 2:34:21 PM,6/23/2026 10:50:08 AM
2727160,1,S4,00010,,1,6/22/2026 10:12:25 PM,6/23/2026 7:50:08 AM
2727706,1,S4,00010,,1,6/23/2026 3:01:52 PM,6/24/2026 9:50:08 AM
2732802,1,S4,00010,,1,6/30/2026 10:04:45 AM,7/1/2026 9:49:01 AM
2711014,1,SZ,00010,,1,6/1/2026 9:55:07 AM,6/2/2026 2:02:36 PM
2716422,1,SA,00010,,1,6/8/2026 12:55:42 PM,6/9/2026 3:52:06 PM
26001047,1,S4,00020,,1,6/1/2026 2:04:45 PM,6/2/2026 11:41:29 AM
26001099,1,S4,00020,,1,6/9/2026 3:02:37 PM,6/10/2026 8:07:33 AM
26001112,1,S4,00020,,1,6/10/2026 2:17:05 PM,6/11/2026 11:32:50 AM
26001190,1,S4,00020,,1,6/24/2026 10:39:02 AM,6/25/2026 5:30:23 PM
2722324,1,S4,00035,,1,6/16/2026 7:09:24 PM,6/17/2026 1:36:15 PM
2723832,1,S4,00035,,1,6/18/2026 5:04:28 PM,6/21/2026 1:28:17 AM
2731957,1,S4,00035,,1,6/29/2026 7:20:56 PM,6/30/2026 1:27:36 PM
2727511,1,SZ,00010,,0,6/23/2026 8:55:06 AM,6/23/2026 1:42:50 PM
26001073,1,S4,00020,,0,6/4/2026 8:40:01 AM,6/4/2026 2:27:23 PM
26001125,1,S4,00020,,0,6/11/2026 11:14:10 AM,6/11/2026 2:58:16 PM
26001138,1,S4,00020,,0,6/15/2026 9:02:05 AM,6/15/2026 1:06:17 PM
26001164,1,S4,00020,,0,6/18/2026 11:12:10 AM,6/18/2026 3:03:01 PM
26001229,1,S4,00020,,0,6/30/2026 12:49:27 PM,6/30/2026 3:18:53 PM
2715980,1,S4,00034,,0,6/8/2026 11:52:43 AM,6/8/2026 3:01:06 PM
2722532,1,S4,00010,,0,6/16/2026 1:37:10 PM,6/16/2026 1:37:45 PM
2724248,1,S4,00035,,0,6/19/2026 1:03:47 PM,6/19/2026 7:48:51 PM
2726393,1,S4,00034,,0,6/22/2026 10:16:33 AM,6/22/2026 3:01:03 PM
2726848,1,S4,00010,,0,6/22/2026 12:51:56 PM,6/22/2026 2:33:24 PM
2727927,1,S4,00034,,0,6/24/2026 9:57:19 AM,6/24/2026 3:01:04 PM
2728395,1,S4,00010,,0,6/24/2026 12:52:46 PM,6/24/2026 3:50:03 PM
2732269,1,S4,00010,,0,6/29/2026 4:42:13 PM,6/29/2026 4:42:50 PM
26001177,1,S4,00020,,2,6/22/2026 10:36:38 AM,6/24/2026 3:35:09 PM
2718801,1,S4,00010,,2,6/11/2026 3:04:31 PM,6/15/2026 10:50:07 AM
2722636,1,S4,00010,,2,6/16/2026 4:42:59 PM,6/18/2026 10:38:43 AM
2728512,1,S4,00010,,2,6/24/2026 4:07:00 PM,6/26/2026 11:41:23 AM
2732035,1,SZ,00010,,2,6/29/2026 9:25:11 AM,7/1/2026 10:31:07 AM
2732217,1,S4,00010,,2,6/29/2026 3:01:44 PM,7/1/2026 2:47:46 PM
26001060,1,S4,00020,,9,6/3/2026 11:10:03 AM,6/16/2026 4:05:52 PM
26001086,1,S4,00020,,7,6/5/2026 12:16:42 PM,6/16/2026 11:32:44 AM
26001203,1,S4,00020,,5,6/26/2026 8:03:27 AM,7/3/2026 3:19:38 PM
2714173,1,S4,00010,,3,6/5/2026 12:58:30 PM,6/10/2026 7:50:04 AM
2714238,1,S4,00010,,10,6/5/2026 3:16:54 PM,6/19/2026 8:15:07 AM
2718060,1,S4,00010,,3,6/10/2026 3:31:22 PM,6/15/2026 10:58:05 AM
2719243,1,S4,00030,,17,6/12/2026 4:25:24 PM,7/7/2026 8:01:09 PM
2728044,1,S4,00035,,7,6/24/2026 1:39:33 PM,7/3/2026 1:48:01 PM
26001074,2,S4,00020,,24,6/4/2026 10:31:48 AM,7/8/2026 3:38:30 PM
2711015,2,S4,00010,,3,6/1/2026 10:03:09 AM,6/4/2026 10:25:13 AM
2711678,2,S4,00035,,1,6/2/2026 6:58:27 PM,6/3/2026 1:57:00 PM
2713485,2,S4,00010,,1,6/4/2026 3:24:37 PM,6/5/2026 9:09:44 AM
2717632,2,S4,00034,,0,6/10/2026 2:45:07 PM,6/10/2026 3:01:03 PM
2717944,2,S4,00010,,1,6/10/2026 12:12:38 PM,6/11/2026 1:38:36 PM
2721766,2,S4,00010,,1,6/15/2026 2:03:49 PM,6/16/2026 8:44:23 AM
2722091,2,S4,00034,,0,6/16/2026 11:30:33 AM,6/16/2026 3:01:03 PM
2723352,2,S4,00010,,1,6/17/2026 2:50:40 PM,6/18/2026 11:58:35 AM
2729189,2,S4,00010,,2,6/25/2026 1:21:35 PM,6/29/2026 9:30:27 AM
2729813,2,S4,00010,,1,6/26/2026 8:59:15 AM,6/29/2026 11:50:03 AM
2732218,2,S4,00010,,1,6/29/2026 3:10:53 PM,6/30/2026 8:50:05 AM
2728566,3,SA,00010,,5,6/24/2026 5:51:47 PM,7/1/2026 4:45:21 PM
26001079,7,S4,00020,,3,6/4/2026 3:44:36 PM,6/9/2026 2:06:15 PM
26001138,14,S4,00020,,0,6/15/2026 10:08:30 AM,6/15/2026 1:06:17 PM
26001155,5,S4,00020,,2,6/18/2026 8:45:38 AM,6/22/2026 10:19:27 AM
26001181,5,S4,00020,,3,6/22/2026 3:53:56 PM,6/25/2026 1:09:43 PM
2715940,13,S4,00034,,0,6/8/2026 10:54:29 AM,6/8/2026 3:01:05 PM
2715940,26,S4,00034,,0,6/8/2026 10:55:01 AM,6/8/2026 3:01:06 PM
2716049,5,S4,00030,,10,6/8/2026 2:06:36 PM,6/22/2026 8:01:04 PM
2717946,4,S4,00010,,2,6/10/2026 12:08:26 PM,6/12/2026 8:27:57 AM
2722901,6,S4,00035,,0,6/17/2026 1:22:30 PM,6/17/2026 2:51:41 PM
2723635,12,S4,00030,,4,6/18/2026 7:56:10 AM,6/24/2026 8:01:08 PM
2727177,5,S4,00034,,0,6/24/2026 1:10:05 PM,6/24/2026 3:01:04 PM
26001101,3,S4,00020,,3,6/10/2026 8:04:07 AM,6/15/2026 9:14:55 AM
26001153,3,S4,00020,,1,6/19/2026 9:34:03 AM,6/22/2026 3:16:55 PM
2717945,3,S4,00010,,1,6/10/2026 12:04:54 PM,6/11/2026 1:44:08 PM
2711054,1,S4,00010,,1,6/1/2026 11:21:17 AM,6/2/2026 10:22:55 AM
2711119,1,S4,00010,,1,6/1/2026 1:13:09 PM,6/2/2026 7:50:04 AM
2713485,1,S4,00010,,1,6/4/2026 3:24:37 PM,6/5/2026 9:12:37 AM
2714122,1,S4,00010,,1,6/5/2026 11:11:08 AM,6/8/2026 9:50:08 AM
2716306,1,S4,00010,,1,6/8/2026 9:50:07 AM,6/9/2026 10:50:06 AM
2716423,1,S4,00010,,1,6/8/2026 1:20:25 PM,6/9/2026 10:50:06 AM
2721766,1,S4,00010,,1,6/15/2026 2:03:49 PM,6/16/2026 8:44:23 AM
2723352,1,S4,00010,,1,6/17/2026 2:50:40 PM,6/18/2026 11:58:35 AM
2724561,1,S4,00010,,1,6/19/2026 10:43:24 AM,6/22/2026 4:17:01 PM
2724678,1,S4,00010,,1,6/19/2026 2:30:56 PM,6/22/2026 12:50:04 PM
2732036,1,S4,00010,,1,6/29/2026 9:51:27 AM,6/30/2026 10:50:06 AM
26001048,1,S4,00020,,1,6/1/2026 2:18:05 PM,6/2/2026 9:35:54 AM
26001113,1,S4,00020,,1,6/10/2026 2:41:56 PM,6/11/2026 2:58:16 PM
26001165,1,S4,00020,,1,6/18/2026 11:46:46 AM,6/19/2026 10:11:39 AM
26001217,1,S4,00020,,1,6/29/2026 2:28:03 PM,6/30/2026 3:12:20 PM
2711600,1,S4,00034,,1,6/2/2026 4:14:37 PM,6/3/2026 3:01:05 PM
2711678,1,S4,00035,,1,6/2/2026 6:58:26 PM,6/3/2026 1:57:00 PM
2722949,1,S4,00035,,1,6/17/2026 2:11:21 PM,6/18/2026 3:23:02 PM
2723703,1,S4,00030,,1,6/18/2026 1:20:16 PM,6/19/2026 8:01:07 PM
2727161,1,S4,00030,,1,6/23/2026 10:24:14 AM,6/24/2026 8:01:08 PM
26001087,1,S4,00020,,0,6/8/2026 1:22:21 PM,6/8/2026 3:09:16 PM
26001152,1,S4,00020,,0,6/17/2026 10:28:40 AM,6/17/2026 1:38:03 PM
26001191,1,S4,00020,,0,6/24/2026 11:15:56 AM,6/24/2026 1:37:31 PM
2713719,1,S4,00034,,0,6/5/2026 10:21:00 AM,6/5/2026 3:01:04 PM
2717112,1,S4,00010,,0,6/9/2026 11:00:22 AM,6/9/2026 11:03:00 AM
2717632,1,S4,00034,,0,6/10/2026 2:45:07 PM,6/10/2026 3:01:03 PM
2718685,1,S4,00010,,0,6/11/2026 11:11:34 AM,6/11/2026 11:12:03 AM
2719400,1,S4,00010,,0,6/12/2026 9:25:26 AM,6/12/2026 9:26:48 AM
2722091,1,S4,00034,,0,6/16/2026 11:30:33 AM,6/16/2026 3:01:03 PM
2723911,1,S4,00035,,0,6/18/2026 7:56:01 PM,6/18/2026 7:57:44 PM
2727512,1,S4,00010,,0,6/23/2026 9:27:52 AM,6/23/2026 11:31:45 AM
2729345,1,S4,00010,,0,6/25/2026 6:15:51 PM,6/25/2026 6:18:04 PM
2742995,1,S4,00034,,0,7/14/2026 10:38:38 AM,7/14/2026 3:01:05 PM
26001061,1,S4,00020,,2,6/3/2026 11:14:36 AM,6/5/2026 10:02:49 AM
26001100,1,S4,00020,,2,6/9/2026 3:43:26 PM,6/11/2026 11:32:50 AM
26001126,1,S4,00020,,2,6/11/2026 11:52:11 AM,6/15/2026 9:14:55 AM
26001230,1,S4,00020,,2,6/30/2026 4:12:15 PM,7/2/2026 4:56:57 AM
2712770,1,S4,00010,,2,6/3/2026 4:54:21 PM,6/5/2026 8:20:18 AM
2718854,1,S4,00010,,2,6/11/2026 4:18:04 PM,6/15/2026 11:13:47 AM
2724067,1,S4,00010,,2,6/18/2026 1:04:49 PM,6/22/2026 10:50:07 AM
2726914,1,S4,00010,,2,6/22/2026 2:45:45 PM,6/24/2026 8:50:06 AM
2727707,1,S4,00010,,2,6/23/2026 3:45:23 PM,6/25/2026 9:50:08 AM
2729189,1,S4,00010,,2,6/25/2026 1:21:35 PM,6/29/2026 9:30:27 AM
2729267,1,S4,00010,,2,6/25/2026 3:53:24 PM,6/29/2026 9:37:36 AM
26001074,1,S4,00020,,24,6/4/2026 10:31:48 AM,7/8/2026 3:38:30 PM
26001139,1,S4,00020,,10,6/15/2026 11:06:43 AM,6/29/2026 4:46:34 PM
26001204,1,S4,00020,,5,6/26/2026 8:07:59 AM,7/3/2026 3:19:39 PM
2711015,1,S4,00010,,3,6/1/2026 10:03:08 AM,6/4/2026 10:25:13 AM
2712510,1,S4,00010,,4,6/3/2026 9:21:30 AM,6/9/2026 12:50:04 PM
2716046,1,S4,00030,,5,6/8/2026 1:32:59 PM,6/15/2026 8:01:05 PM
2719530,1,S4,00010,,7,6/12/2026 1:27:27 PM,6/23/2026 10:50:07 AM
2722169,1,S4,00030,,13,6/16/2026 2:15:44 PM,7/3/2026 8:01:09 PM
2724197,1,S4,00010,,4,6/18/2026 4:43:57 PM,6/24/2026 8:52:07 AM
2726966,1,S4,00010,,13,6/22/2026 4:23:38 PM,7/9/2026 12:50:04 PM
2729124,1,S4,00010,,3,6/25/2026 11:45:57 AM,6/30/2026 12:24:41 PM
2729930,1,S4,00010,,9,6/26/2026 12:32:47 PM,7/9/2026 9:50:07 AM
2728566,2,SA,00010,,5,6/24/2026 5:51:46 PM,7/1/2026 4:45:21 PM
26001088,2,S4,00020,,0,6/8/2026 2:03:38 PM,6/8/2026 4:13:18 PM
26001101,2,S4,00020,,3,6/10/2026 8:04:07 AM,6/15/2026 9:14:55 AM
26001114,2,S4,00020,,4,6/10/2026 3:11:14 PM,6/16/2026 2:14:43 PM
26001153,2,S4,00020,,3,6/17/2026 12:07:32 PM,6/22/2026 3:16:55 PM
26001192,2,S4,00020,,1,6/24/2026 3:05:09 PM,6/25/2026 1:09:43 PM
26001218,2,S4,00020,,1,6/29/2026 3:42:11 PM,6/30/2026 2:53:56 PM
2711016,2,S4,00010,,3,6/1/2026 10:10:04 AM,6/4/2026 10:26:43 AM
2711198,2,S4,00010,,2,6/1/2026 3:39:37 PM,6/3/2026 10:13:51 AM
2712732,2,S4,00010,,2,6/3/2026 3:30:22 PM,6/5/2026 1:10:25 PM
2716047,2,S4,00030,,3,6/8/2026 1:41:18 PM,6/11/2026 8:01:07 PM
2717945,2,S4,00010,,1,6/10/2026 12:04:54 PM,6/11/2026 1:44:08 PM
2722170,2,S4,00030,,14,6/16/2026 2:24:24 PM,7/6/2026 8:01:09 PM
2724146,2,S4,00010,,2,6/18/2026 3:07:04 PM,6/22/2026 8:50:05 AM
2730074,2,S4,00010,,2,6/26/2026 5:29:47 PM,6/30/2026 10:37:54 AM
26001077,4,S4,00020,,1,6/4/2026 2:34:17 PM,6/5/2026 11:09:06 AM
26001079,6,S4,00020,,3,6/4/2026 3:44:36 PM,6/9/2026 2:06:15 PM
26001138,13,S4,00020,,0,6/15/2026 9:02:09 AM,6/15/2026 1:06:17 PM
26001155,4,S4,00020,,2,6/18/2026 8:45:38 AM,6/22/2026 10:19:27 AM
26001181,4,S4,00020,,3,6/22/2026 3:53:56 PM,6/25/2026 1:09:43 PM
26001182,5,S4,00020,,4,7/9/2026 11:54:17 AM,7/15/2026 10:07:08 AM
2713502,5,S4,00010,,1,6/4/2026 3:31:04 PM,6/5/2026 8:59:23 AM
2715940,12,S4,00034,,0,6/8/2026 10:54:24 AM,6/8/2026 3:01:05 PM
2715940,25,S4,00034,,0,6/8/2026 10:55:01 AM,6/8/2026 3:01:06 PM
2716049,4,S4,00030,,10,6/8/2026 2:06:36 PM,6/22/2026 8:01:04 PM
2722901,5,S4,00035,,0,6/17/2026 1:22:30 PM,6/17/2026 2:51:41 PM
2723635,11,S4,00030,,4,6/18/2026 11:09:53 AM,6/24/2026 8:01:08 PM
2727177,4,S4,00034,,0,6/24/2026 1:10:05 PM,6/24/2026 3:01:04 PM
2727528,4,S4,00010,,2,7/2/2026 8:59:38 AM,7/6/2026 2:06:44 PM
26001193,3,S4,00020,,1,6/24/2026 11:30:12 AM,6/25/2026 1:09:43 PM
2711836,3,S4,00010,,2,6/2/2026 11:40:27 AM,6/4/2026 10:28:49 AM
2716503,3,S4,00010,,1,6/8/2026 3:40:43 PM,6/9/2026 7:36:36 AM
2717946,3,S4,00010,,2,6/10/2026 12:08:25 PM,6/12/2026 8:27:57 AM
2711120,1,S4,00010,,1,6/1/2026 1:21:29 PM,6/2/2026 9:29:55 AM
2711835,1,S4,00010,,1,6/2/2026 11:47:06 AM,6/3/2026 9:00:15 AM
2711887,1,S4,00010,,1,6/2/2026 1:11:59 PM,6/3/2026 10:50:07 AM
2711952,1,S4,00010,,1,6/2/2026 3:08:27 PM,6/3/2026 1:50:05 PM
2713538,1,S4,00010,,1,6/4/2026 4:44:59 PM,6/5/2026 8:30:11 AM
2716307,1,S4,00010,,1,6/8/2026 9:52:33 AM,6/9/2026 10:50:06 AM
2717113,1,S4,00010,,1,6/9/2026 10:45:00 AM,6/10/2026 1:50:55 PM
2717945,1,S4,00010,,1,6/10/2026 12:04:54 PM,6/11/2026 1:44:08 PM
2719674,1,S4,00010,,1,6/12/2026 5:36:38 PM,6/15/2026 8:24:10 AM
2721832,1,S4,00010,,1,6/15/2026 3:55:09 PM,6/16/2026 10:20:37 AM
2723353,1,S4,00010,,1,6/17/2026 2:52:03 PM,6/18/2026 11:53:29 AM
2724068,1,S4,00010,,1,6/18/2026 12:38:57 PM,6/19/2026 8:45:08 AM
2713291,1,SZ,00010,,1,6/4/2026 8:55:09 AM,6/5/2026 9:59:42 AM
2717048,1,SZ,00010,,1,6/9/2026 8:25:09 AM,6/10/2026 1:06:44 PM
2732219,1,SA,00010,,1,6/29/2026 3:19:53 PM,6/30/2026 10:50:06 AM
26001062,1,S4,00020,,1,6/3/2026 11:17:22 AM,6/4/2026 2:27:22 PM
26001140,1,S4,00020,,1,6/15/2026 2:13:35 PM,6/16/2026 2:43:13 PM
26001192,1,S4,00020,,1,6/24/2026 11:27:56 AM,6/25/2026 1:09:43 PM
26001218,1,S4,00020,,1,6/29/2026 3:42:11 PM,6/30/2026 2:53:56 PM
2712290,1,S4,00035,,1,6/3/2026 1:44:05 PM,6/4/2026 5:58:10 PM
2716892,1,S4,00034,,1,6/9/2026 3:28:27 PM,6/10/2026 3:01:03 PM
2727370,1,S4,00034,,1,6/23/2026 4:39:00 PM,6/24/2026 3:01:04 PM
2731829,1,S4,00034,,1,6/29/2026 3:02:06 PM,6/30/2026 3:01:08 PM
2712511,1,S4,00010,,0,6/3/2026 8:27:25 AM,6/3/2026 10:50:07 AM
2719128,1,S4,00035,,0,6/12/2026 12:49:01 PM,6/12/2026 12:52:10 PM
2722027,1,S4,00034,,0,6/16/2026 9:44:37 AM,6/16/2026 3:01:03 PM
2722534,1,S4,00010,,0,6/16/2026 1:44:39 PM,6/16/2026 1:45:11 PM
2723184,1,S4,00010,,0,6/17/2026 9:56:08 AM,6/17/2026 11:50:06 AM
2724744,1,S4,00010,,0,6/19/2026 4:16:21 PM,6/19/2026 4:16:36 PM
2727929,1,S4,00034,,0,6/24/2026 9:58:25 AM,6/24/2026 3:01:04 PM
26001049,1,S4,00020,,2,6/1/2026 3:29:26 PM,6/3/2026 8:39:23 AM
26001127,1,S4,00020,,2,6/11/2026 1:46:00 PM,6/15/2026 2:39:58 PM
26001179,1,S4,00020,,2,6/22/2026 12:56:56 PM,6/24/2026 1:31:56 PM
26001231,1,S4,00020,,2,6/30/2026 4:52:46 PM,7/2/2026 4:57:58 AM
2717633,1,S4,00035,,2,6/10/2026 2:54:17 PM,6/12/2026 1:12:39 PM
2722950,1,S4,00035,,2,6/17/2026 2:24:47 PM,6/19/2026 2:03:47 PM
2710964,1,S4,00010,,2,6/1/2026 8:33:20 AM,6/3/2026 9:50:08 AM
2711198,1,S4,00010,,2,6/1/2026 3:39:37 PM,6/3/2026 10:13:50 AM
2719479,1,S4,00010,,2,6/12/2026 11:55:17 AM,6/16/2026 12:14:59 PM
2723990,1,S4,00010,,2,6/18/2026 10:30:01 AM,6/22/2026 11:31:45 AM
2724146,1,S4,00010,,2,6/18/2026 3:07:04 PM,6/22/2026 8:52:01 AM
2724198,1,S4,00010,,2,6/18/2026 4:30:41 PM,6/22/2026 12:50:04 PM
2726915,1,S4,00010,,2,6/22/2026 2:55:03 PM,6/24/2026 9:50:08 AM
2728566,1,SA,00010,,5,6/24/2026 5:51:46 PM,7/1/2026 4:45:21 PM
26001075,1,S4,00020,,10,6/4/2026 11:07:22 AM,6/18/2026 8:59:48 AM
26001101,1,S4,00020,,3,6/10/2026 8:04:07 AM,6/15/2026 9:14:55 AM
26001114,1,S4,00020,,4,6/10/2026 3:11:13 PM,6/16/2026 2:14:43 PM
2711016,1,S4,00010,,3,6/1/2026 10:10:03 AM,6/4/2026 10:26:43 AM
2718751,1,S4,00010,,3,6/11/2026 1:26:08 PM,6/16/2026 9:50:03 AM
2722430,1,S4,00010,,5,6/16/2026 10:35:20 AM,6/23/2026 1:42:09 PM
2729814,1,S4,00010,,3,6/26/2026 9:14:08 AM,7/1/2026 10:52:20 AM
2732974,2,SA,00010,,1,6/30/2026 3:49:52 PM,7/1/2026 10:33:08 AM
26001206,2,S4,00020,,2,6/26/2026 8:32:09 AM,6/30/2026 2:53:56 PM
26001232,2,S4,00020,,0,7/17/2026 11:42:16 AM,7/17/2026 12:01:08 PM
2711836,2,S4,00010,,2,6/2/2026 11:40:26 AM,6/4/2026 10:28:49 AM
2713435,2,S4,00010,,1,6/4/2026 2:01:48 PM,6/5/2026 8:31:55 AM
2715996,2,S4,00035,,1,6/8/2026 12:03:46 PM,6/9/2026 12:41:03 PM
2717946,2,S4,00010,,2,6/10/2026 12:08:25 PM,6/12/2026 8:27:57 AM
2718817,2,S4,00010,,2,6/11/2026 3:42:07 PM,6/15/2026 11:42:35 AM
2719259,2,S4,00030,,1,6/12/2026 4:46:58 PM,6/15/2026 8:01:05 PM
2719480,2,S4,00010,,1,6/12/2026 11:46:30 AM,6/15/2026 10:11:11 AM
2721404,2,S4,00034,,0,6/15/2026 2:18:18 PM,6/15/2026 3:01:07 PM
2722587,2,S4,00010,,1,6/16/2026 3:25:09 PM,6/17/2026 9:50:07 AM
2724147,2,S4,00010,,16,6/18/2026 3:31:52 PM,7/10/2026 8:50:08 AM
2724745,2,S4,00010,,2,6/19/2026 4:20:36 PM,6/23/2026 8:24:18 AM
2726864,2,S4,00010,,0,6/22/2026 1:22:19 PM,6/22/2026 1:22:44 PM
26001079,5,S4,00020,,3,6/4/2026 3:44:36 PM,6/9/2026 2:06:15 PM
26001138,12,S4,00020,,0,6/15/2026 9:02:08 AM,6/15/2026 1:06:17 PM
26001182,4,S4,00020,,4,7/9/2026 11:54:17 AM,7/15/2026 10:07:08 AM
2711072,5,S4,00010,,1,6/4/2026 12:25:28 PM,6/5/2026 7:50:07 AM
2713502,4,S4,00010,,1,6/4/2026 3:31:04 PM,6/5/2026 8:59:23 AM
2715940,11,S4,00034,,0,6/8/2026 10:54:17 AM,6/8/2026 3:01:05 PM
2715940,24,S4,00034,,0,6/8/2026 10:55:01 AM,6/8/2026 3:01:06 PM
2722901,4,S4,00035,,0,6/17/2026 1:22:30 PM,6/17/2026 2:51:41 PM
2723635,10,S4,00030,,4,6/18/2026 11:09:53 AM,6/24/2026 8:01:08 PM
26001077,3,S4,00020,,1,6/4/2026 2:34:17 PM,6/5/2026 11:09:06 AM
26001155,3,S4,00020,,2,6/18/2026 8:45:37 AM,6/22/2026 10:19:27 AM
26001181,3,S4,00020,,3,6/22/2026 3:53:56 PM,6/25/2026 1:09:43 PM
2711954,3,S4,00010,,1,6/3/2026 12:53:26 PM,6/4/2026 11:31:53 AM
2713501,3,S4,00010,,1,6/4/2026 3:27:08 PM,6/5/2026 9:03:49 AM
2714190,3,S4,00010,,1,6/5/2026 1:17:04 PM,6/8/2026 10:19:58 AM
2716049,3,S4,00030,,10,6/8/2026 2:06:36 PM,6/22/2026 8:01:04 PM
2717947,3,S4,00010,,1,6/10/2026 12:10:35 PM,6/11/2026 1:43:05 PM
2722107,3,S4,00035,,0,6/16/2026 12:25:37 PM,6/16/2026 1:10:28 PM
2727177,3,S4,00034,,0,6/23/2026 10:34:08 AM,6/23/2026 3:01:07 PM
2728412,3,S4,00010,,1,6/24/2026 1:17:14 PM,6/25/2026 12:47:29 PM
2711953,1,S4,00010,,1,6/2/2026 3:12:46 PM,6/3/2026 10:50:07 AM
2714189,1,S4,00010,,1,6/5/2026 1:07:41 PM,6/8/2026 1:39:44 PM
2717114,1,S4,00010,,1,6/9/2026 10:51:14 AM,6/10/2026 8:14:38 AM
2717855,1,S4,00010,,1,6/10/2026 9:39:57 AM,6/11/2026 8:50:05 AM
2718752,1,S4,00010,,1,6/11/2026 1:26:28 PM,6/12/2026 8:28:31 AM
2719480,1,S4,00010,,1,6/12/2026 11:46:30 AM,6/15/2026 10:11:11 AM
2726799,1,S4,00010,,1,6/22/2026 11:25:00 AM,6/23/2026 11:13:43 AM
2727930,1,S4,00010,,1,6/23/2026 10:00:45 PM,6/24/2026 10:11:21 AM
2722535,1,SA,00010,,1,6/16/2026 1:55:25 PM,6/17/2026 11:25:38 AM
2732103,1,SA,00010,,1,6/29/2026 11:46:22 AM,6/30/2026 9:46:05 AM
2731778,1,SA,00030,,1,6/29/2026 1:46:35 AM,6/30/2026 8:01:09 PM
26001050,1,S4,00020,,1,6/1/2026 3:45:00 PM,6/2/2026 2:37:22 PM
26001076,1,S4,00020,,1,6/4/2026 12:12:24 PM,6/5/2026 4:21:48 PM
26001102,1,S4,00020,,1,6/10/2026 8:10:16 AM,6/11/2026 11:32:50 AM
26001115,1,S4,00020,,1,6/10/2026 3:11:22 PM,6/11/2026 11:32:50 AM
26001154,1,S4,00020,,1,6/17/2026 1:04:24 PM,6/18/2026 9:02:22 AM
26001193,1,S4,00020,,1,6/24/2026 11:30:12 AM,6/25/2026 1:09:43 PM
26001219,1,S4,00020,,1,6/29/2026 4:44:07 PM,6/30/2026 2:53:56 PM
2712434,1,S4,00035,,1,6/3/2026 6:23:22 PM,6/4/2026 5:00:44 PM
2715996,1,S4,00035,,1,6/8/2026 12:03:41 PM,6/9/2026 12:41:03 PM
2716828,1,S4,00030,,1,6/9/2026 1:36:03 PM,6/10/2026 8:01:08 PM
2716893,1,S4,00034,,1,6/9/2026 3:40:06 PM,6/10/2026 3:01:03 PM
2728892,1,S4,00034,,1,6/25/2026 3:29:16 PM,6/26/2026 1:40:35 PM
2713292,1,SZ,00010,,0,6/4/2026 8:55:10 AM,6/4/2026 4:23:46 PM
2723328,1,SA,00010,,0,6/17/2026 2:08:45 PM,6/17/2026 3:13:40 PM
26001037,1,S4,00020,,0,6/1/2026 8:04:14 AM,6/1/2026 10:54:53 AM
26001089,1,S4,00020,,0,6/8/2026 2:14:29 PM,6/8/2026 4:13:18 PM
26001128,1,S4,00020,,0,6/11/2026 1:47:09 PM,6/11/2026 2:58:16 PM
2711017,1,S4,00010,,0,6/1/2026 10:13:02 AM,6/1/2026 10:14:36 AM
2713890,1,S4,00035,,0,6/5/2026 4:09:46 PM,6/5/2026 4:20:46 PM
2721404,1,S4,00034,,0,6/15/2026 2:18:18 PM,6/15/2026 3:01:07 PM
2722028,1,S4,00034,,0,6/16/2026 9:58:03 AM,6/16/2026 3:01:03 PM
2723016,1,S4,00035,,0,6/17/2026 4:33:29 PM,6/17/2026 5:04:04 PM
2724199,1,S4,00010,,0,6/18/2026 4:36:12 PM,6/18/2026 4:38:44 PM
2724420,1,S4,00035,,0,6/19/2026 6:03:11 PM,6/19/2026 6:04:52 PM
2728411,1,S4,00010,,0,6/24/2026 1:14:31 PM,6/24/2026 3:50:03 PM
2732766,1,S4,00010,,0,6/30/2026 8:49:57 AM,6/30/2026 8:50:18 AM
2732896,1,S4,00010,,0,6/30/2026 12:44:59 PM,6/30/2026 12:45:14 PM
26001063,1,S4,00020,,2,6/3/2026 11:18:19 AM,6/5/2026 10:02:49 AM
26001206,1,S4,00020,,2,6/26/2026 8:32:09 AM,6/30/2026 2:53:56 PM
26001232,1,S4,00020,,2,6/30/2026 5:03:54 PM,7/2/2026 4:56:57 AM
2711836,1,S4,00010,,2,6/2/2026 11:40:26 AM,6/4/2026 10:28:49 AM
2717946,1,S4,00010,,2,6/10/2026 12:08:25 PM,6/12/2026 8:27:57 AM
2718817,1,S4,00010,,2,6/11/2026 3:42:06 PM,6/15/2026 11:42:35 AM
2724745,1,S4,00010,,2,6/19/2026 4:20:36 PM,6/23/2026 8:24:17 AM
2729815,1,S4,00010,,2,6/26/2026 9:26:54 AM,6/30/2026 9:26:13 AM
2732818,1,S4,00010,,2,6/30/2026 10:18:01 AM,7/2/2026 8:09:12 AM
2712668,1,SZ,00010,,3,6/3/2026 1:25:11 PM,6/8/2026 7:50:03 AM
2721703,1,SZ,00010,,3,6/15/2026 11:25:05 AM,6/18/2026 10:44:55 AM
26001141,1,S4,00020,,3,6/15/2026 3:32:55 PM,6/18/2026 10:28:01 AM
26001180,1,S4,00020,,10,6/22/2026 1:42:15 PM,7/6/2026 3:50:20 PM
2708703,1,S4,00035,,19,5/29/2026 7:39:56 PM,6/25/2026 1:14:58 PM
2711485,1,S4,00035,,4,6/2/2026 12:58:38 PM,6/8/2026 3:25:09 PM
2717907,1,S4,00010,,3,6/10/2026 11:06:22 AM,6/15/2026 11:48:05 AM
2722431,1,S4,00010,,3,6/16/2026 10:40:34 AM,6/19/2026 10:50:04 AM
2726552,1,S4,00035,,3,6/22/2026 3:09:24 PM,6/25/2026 1:33:28 PM
2729867,1,S4,00010,,12,6/26/2026 10:40:46 AM,7/14/2026 8:44:39 AM
2724200,2,SA,00010,,2,6/22/2026 4:08:33 PM,6/24/2026 10:12:21 AM
26001038,2,S4,00020,,0,6/1/2026 8:09:22 AM,6/1/2026 10:54:53 AM
26001064,2,S4,00020,,6,6/3/2026 2:48:36 PM,6/11/2026 11:32:50 AM
26001077,2,S4,00020,,1,6/4/2026 2:34:16 PM,6/5/2026 11:09:06 AM
26001116,2,S4,00020,,1,6/10/2026 4:03:08 PM,6/11/2026 10:49:03 AM
26001155,2,S4,00020,,2,6/18/2026 8:45:37 AM,6/22/2026 10:19:27 AM
2713293,2,S4,00010,,0,6/4/2026 9:10:43 AM,6/4/2026 1:50:06 PM
2713501,2,S4,00010,,1,6/4/2026 3:27:08 PM,6/5/2026 9:03:49 AM
2716049,2,S4,00030,,10,6/8/2026 2:06:36 PM,6/22/2026 8:01:04 PM
2716439,2,S4,00010,,2,6/8/2026 1:48:08 PM,6/10/2026 8:46:49 AM
2717856,2,S4,00010,,2,6/10/2026 10:12:58 AM,6/12/2026 7:50:09 AM
2717947,2,S4,00010,,1,6/10/2026 12:10:34 PM,6/11/2026 1:43:05 PM
2722107,2,S4,00035,,0,6/16/2026 12:25:31 PM,6/16/2026 1:10:28 PM
2722900,2,S4,00035,,0,6/17/2026 12:39:23 PM,6/17/2026 5:37:33 PM
2723329,2,S4,00010,,0,6/17/2026 2:32:31 PM,6/17/2026 2:36:17 PM
2724564,2,S4,00010,,1,6/19/2026 11:13:51 AM,6/22/2026 10:50:07 AM
2726553,2,S4,00035,,3,6/22/2026 3:11:29 PM,6/25/2026 1:35:29 PM
2727177,2,S4,00034,,0,6/23/2026 10:34:08 AM,6/23/2026 3:01:07 PM
2728412,2,S4,00010,,1,6/24/2026 1:17:13 PM,6/25/2026 12:47:29 PM
2729283,2,S4,00010,,1,6/25/2026 4:27:48 PM,6/26/2026 8:21:22 AM
26001079,4,S4,00020,,3,6/4/2026 3:44:36 PM,6/9/2026 2:06:15 PM
26001138,11,S4,00020,,0,6/15/2026 9:02:08 AM,6/15/2026 1:06:17 PM
2715940,10,S4,00034,,0,6/8/2026 10:48:28 AM,6/8/2026 3:01:05 PM
2715940,23,S4,00034,,0,6/8/2026 10:55:01 AM,6/8/2026 3:01:06 PM
2717650,4,S4,00035,,2,6/10/2026 3:15:19 PM,6/12/2026 3:07:02 PM
2717949,4,S4,00010,,1,6/10/2026 12:15:39 PM,6/11/2026 1:41:45 PM
2718835,6,S4,00010,,4,6/11/2026 4:15:42 PM,6/17/2026 2:39:38 PM
2723635,9,S4,00030,,4,6/18/2026 11:09:52 AM,6/24/2026 8:01:08 PM
2724659,6,S4,00010,,1,6/26/2026 2:40:06 PM,6/29/2026 10:19:33 AM
2710902,3,S4,00035,,0,6/25/2026 1:00:36 PM,6/25/2026 1:07:55 PM
2713502,3,S4,00010,,1,6/4/2026 3:31:04 PM,6/5/2026 8:59:23 AM
2715868,3,S4,00030,,1,6/8/2026 8:31:51 AM,6/9/2026 8:01:12 PM
2716102,3,S4,00030,,3,6/8/2026 3:19:22 PM,6/11/2026 8:01:07 PM
2717948,3,S4,00010,,2,6/10/2026 12:13:17 PM,6/12/2026 8:27:03 AM
2722901,3,S4,00035,,0,6/17/2026 1:22:30 PM,6/17/2026 2:51:41 PM
2712734,1,S4,00010,,1,6/3/2026 3:58:40 PM,6/4/2026 8:13:57 AM
2712786,1,S4,00010,,1,6/3/2026 5:06:32 PM,6/4/2026 8:11:51 AM
2713501,1,S4,00010,,1,6/4/2026 3:27:08 PM,6/5/2026 9:03:49 AM
2717947,1,S4,00010,,1,6/10/2026 12:10:34 PM,6/11/2026 1:43:05 PM
2719416,1,S4,00010,,1,6/12/2026 9:49:50 AM,6/15/2026 11:47:40 AM
2719611,1,S4,00010,,1,6/12/2026 3:43:54 PM,6/15/2026 10:50:07 AM
2722432,1,S4,00010,,1,6/16/2026 10:51:42 AM,6/17/2026 11:50:06 AM
2722536,1,S4,00010,,1,6/16/2026 1:58:09 PM,6/17/2026 2:56:14 PM
2723251,1,S4,00010,,1,6/17/2026 11:42:58 AM,6/18/2026 8:50:06 AM
2724694,1,S4,00010,,1,6/19/2026 2:30:49 PM,6/22/2026 2:42:07 PM
2724746,1,S4,00010,,1,6/19/2026 4:29:00 PM,6/22/2026 9:12:53 AM
2726982,1,S4,00010,,1,6/22/2026 4:42:20 PM,6/23/2026 7:50:07 AM
2727671,1,S4,00010,,1,6/23/2026 2:05:59 PM,6/24/2026 1:19:37 PM
2728412,1,S4,00010,,1,6/24/2026 1:17:13 PM,6/25/2026 12:47:28 PM
2728464,1,S4,00010,,1,6/24/2026 2:46:39 PM,6/25/2026 9:50:09 AM
2729283,1,S4,00010,,1,6/25/2026 4:27:48 PM,6/26/2026 8:21:22 AM
2732052,1,S4,00010,,1,6/29/2026 10:15:56 AM,6/30/2026 10:50:06 AM
26001077,1,S4,00020,,1,6/4/2026 2:34:16 PM,6/5/2026 11:09:06 AM
26001220,1,S4,00020,,1,6/29/2026 4:53:48 PM,6/30/2026 2:53:56 PM
2713735,1,S4,00030,,1,6/5/2026 10:30:29 AM,6/8/2026 8:01:08 PM
2716101,1,S4,00030,,1,6/8/2026 3:10:51 PM,6/9/2026 8:01:12 PM
2724239,1,S4,00030,,1,6/19/2026 9:42:14 AM,6/22/2026 8:01:04 PM
26001038,1,S4,00020,,0,6/1/2026 8:09:21 AM,6/1/2026 10:54:53 AM
26001129,1,S4,00020,,0,6/11/2026 2:22:18 PM,6/11/2026 3:07:37 PM
26001207,1,S4,00020,,0,6/26/2026 10:41:01 AM,6/26/2026 2:29:54 PM
2711018,1,S4,00010,,0,6/1/2026 10:26:38 AM,6/1/2026 12:02:11 PM
2711070,1,S4,00010,,0,6/1/2026 11:36:53 AM,6/1/2026 11:39:03 AM
2718961,1,S4,00010,,0,6/11/2026 7:59:39 PM,6/11/2026 8:00:07 PM
2721288,1,S4,00034,,0,6/15/2026 10:47:54 AM,6/15/2026 3:01:07 PM
2722107,1,S4,00035,,0,6/16/2026 12:25:26 PM,6/16/2026 1:10:28 PM
2722900,1,S4,00035,,0,6/17/2026 12:39:18 PM,6/17/2026 5:37:33 PM
2727177,1,S4,00034,,0,6/23/2026 10:34:08 AM,6/23/2026 3:01:07 PM
26001155,1,S4,00020,,2,6/18/2026 8:45:37 AM,6/22/2026 10:19:26 AM
2714138,1,S4,00010,,2,6/5/2026 11:45:42 AM,6/9/2026 8:50:05 AM
2716439,1,S4,00010,,2,6/8/2026 1:48:08 PM,6/10/2026 8:46:49 AM
2718701,1,S4,00010,,2,6/11/2026 11:52:55 AM,6/15/2026 11:40:31 AM
2719546,1,S4,00010,,2,6/12/2026 1:44:33 PM,6/16/2026 9:18:26 AM
2722588,1,S4,00010,,2,6/16/2026 3:34:43 PM,6/18/2026 7:50:06 AM
2727125,1,S4,00010,,2,6/22/2026 9:28:52 PM,6/24/2026 9:09:21 PM
2729361,1,S4,00010,,2,6/25/2026 6:34:09 PM,6/29/2026 9:50:08 AM
2717583,1,SA,00030,,3,6/10/2026 1:02:10 AM,6/15/2026 8:01:05 PM
26001051,1,S4,00020,,4,6/1/2026 4:44:00 PM,6/5/2026 11:09:05 AM
26001103,1,S4,00020,,10,6/10/2026 9:17:43 AM,6/24/2026 11:31:58 AM
26001168,1,S4,00020,,3,6/19/2026 1:21:28 PM,6/24/2026 3:22:38 PM
26001181,1,S4,00020,,3,6/22/2026 3:53:56 PM,6/25/2026 1:09:43 PM
2710706,1,S4,00035,,7,6/1/2026 12:52:50 PM,6/10/2026 3:29:06 PM
2722822,1,S4,00030,,14,6/17/2026 9:56:31 AM,7/7/2026 8:01:09 PM
2726553,1,S4,00035,,3,6/22/2026 3:11:23 PM,6/25/2026 1:35:29 PM
2727528,1,S4,00010,,3,6/23/2026 9:31:43 AM,6/26/2026 12:47:57 PM
26001182,2,S4,00020,,2,6/22/2026 3:55:29 PM,6/24/2026 11:31:58 AM
2713502,2,S4,00010,,1,6/4/2026 3:31:03 PM,6/5/2026 8:59:23 AM
2716102,2,S4,00030,,3,6/8/2026 3:19:22 PM,6/11/2026 8:01:07 PM
2716323,2,S4,00010,,6,6/8/2026 10:08:14 AM,6/16/2026 8:29:26 AM
2717948,2,S4,00010,,2,6/10/2026 12:13:16 PM,6/12/2026 8:27:03 AM
2721653,2,S4,00010,,2,6/15/2026 1:16:29 PM,6/17/2026 10:42:31 AM
2722901,2,S4,00035,,0,6/17/2026 1:22:30 PM,6/17/2026 2:51:41 PM
2724084,2,S4,00010,,1,6/18/2026 1:09:43 PM,6/19/2026 2:05:20 PM
2727386,2,S4,00035,,3,6/23/2026 5:14:23 PM,6/26/2026 1:39:59 PM
2728465,2,S4,00010,,5,6/24/2026 2:53:10 PM,7/1/2026 10:25:11 AM
26001138,10,S4,00020,,0,6/15/2026 9:02:08 AM,6/15/2026 1:06:17 PM
2715940,9,S4,00034,,0,6/8/2026 10:48:23 AM,6/8/2026 3:01:05 PM
2715940,22,S4,00034,,0,6/8/2026 10:55:01 AM,6/8/2026 3:01:06 PM
2723635,8,S4,00030,,4,6/18/2026 11:09:52 AM,6/24/2026 8:01:08 PM
2724659,5,S4,00010,,3,6/24/2026 3:33:50 PM,6/29/2026 10:19:33 AM
26001066,3,S4,00020,,1,6/3/2026 1:06:49 PM,6/4/2026 8:43:44 AM
26001079,3,S4,00020,,3,6/4/2026 3:44:36 PM,6/9/2026 2:06:15 PM
26001196,3,S4,00020,,0,6/25/2026 8:41:02 AM,6/25/2026 1:09:43 PM
2717650,3,S4,00035,,2,6/10/2026 3:15:14 PM,6/12/2026 3:07:02 PM
2717949,3,S4,00010,,1,6/10/2026 12:15:39 PM,6/11/2026 1:41:45 PM
2723942,3,S4,00010,,2,6/18/2026 1:05:34 PM,6/22/2026 3:18:13 PM
2728375,3,S4,00010,,0,6/24/2026 12:10:48 PM,6/24/2026 12:11:03 PM
2710980,1,S4,00010,,1,6/1/2026 9:00:03 AM,6/2/2026 1:50:04 PM
2711071,1,S4,00010,,1,6/1/2026 11:54:17 AM,6/2/2026 7:50:04 AM
2711136,1,S4,00010,,1,6/1/2026 1:51:34 PM,6/2/2026 9:50:08 AM
2713502,1,S4,00010,,1,6/4/2026 3:31:03 PM,6/5/2026 8:59:22 AM
2717909,1,S4,00010,,1,6/10/2026 11:13:47 AM,6/11/2026 8:50:05 AM
2718702,1,S4,00010,,1,6/11/2026 11:52:23 AM,6/12/2026 8:50:07 AM
2721783,1,S4,00010,,1,6/15/2026 2:12:11 PM,6/16/2026 8:45:05 AM
2723200,1,S4,00010,,1,6/17/2026 10:03:43 AM,6/18/2026 10:50:05 AM
2723369,1,S4,00010,,1,6/17/2026 3:07:35 PM,6/18/2026 1:38:34 PM
2723434,1,S4,00010,,1,6/17/2026 5:00:39 PM,6/18/2026 8:50:06 AM
2724084,1,S4,00010,,1,6/18/2026 1:09:43 PM,6/19/2026 2:05:20 PM
2724695,1,S4,00010,,1,6/19/2026 2:57:03 PM,6/22/2026 10:50:07 AM
2726931,1,S4,00010,,1,6/22/2026 3:08:18 PM,6/23/2026 7:50:07 AM
2727477,1,S4,00010,,1,6/23/2026 8:15:58 AM,6/24/2026 9:07:55 PM
2727607,1,S4,00010,,1,6/23/2026 12:28:29 PM,6/24/2026 1:18:31 PM
2727932,1,S4,00010,,1,6/23/2026 10:09:30 PM,6/24/2026 9:07:07 PM
2728413,1,S4,00010,,1,6/24/2026 1:18:41 PM,6/25/2026 9:50:09 AM
2730025,1,S4,00010,,1,6/26/2026 3:32:46 PM,6/29/2026 11:50:03 AM
2732053,1,S4,00010,,1,6/29/2026 10:31:19 AM,6/30/2026 2:50:03 PM
26001078,1,S4,00020,,1,6/4/2026 3:12:54 PM,6/5/2026 4:21:48 PM
26001091,1,S4,00020,,1,6/8/2026 3:21:40 PM,6/9/2026 3:47:55 PM
26001130,1,S4,00020,,1,6/11/2026 3:43:19 PM,6/12/2026 10:41:00 AM
26001169,1,S4,00020,,1,6/19/2026 1:33:11 PM,6/22/2026 1:55:19 PM
2716050,1,S4,00035,,1,6/8/2026 2:01:41 PM,6/9/2026 2:57:24 PM
2716167,1,S4,00034,,1,6/8/2026 4:56:15 PM,6/9/2026 3:01:04 PM
2717649,1,S4,00034,,1,6/10/2026 3:03:32 PM,6/11/2026 3:01:06 PM
26001052,1,S4,00020,,0,6/2/2026 12:59:44 PM,6/2/2026 2:06:47 PM
26001195,1,S4,00020,,0,6/25/2026 8:39:15 AM,6/25/2026 1:09:43 PM
26001221,1,S4,00020,,0,6/30/2026 8:24:37 AM,6/30/2026 10:21:49 AM
2711552,1,S4,00034,,0,6/2/2026 2:44:41 PM,6/2/2026 3:01:06 PM
2711903,1,S4,00010,,0,6/2/2026 1:42:43 PM,6/2/2026 1:43:00 PM
2712969,1,S4,00034,,0,6/4/2026 10:50:51 AM,6/4/2026 3:01:05 PM
2713294,1,S4,00010,,0,6/4/2026 9:34:31 AM,6/4/2026 11:10:42 AM
2719339,1,S4,00010,,0,6/12/2026 7:15:20 AM,6/12/2026 9:35:52 AM
2722901,1,S4,00035,,0,6/17/2026 1:22:30 PM,6/17/2026 2:51:41 PM
2728075,1,S4,00034,,0,6/24/2026 2:41:07 PM,6/24/2026 3:01:04 PM
26001156,1,S4,00020,,2,6/18/2026 9:33:08 AM,6/22/2026 10:19:27 AM
26001182,1,S4,00020,,2,6/22/2026 3:55:29 PM,6/24/2026 11:31:58 AM
2713736,1,S4,00030,,2,6/5/2026 10:44:09 AM,6/9/2026 8:01:11 PM
2717948,1,S4,00010,,2,6/10/2026 12:13:16 PM,6/12/2026 8:27:03 AM
2724578,1,S4,00010,,2,6/19/2026 11:25:47 AM,6/23/2026 10:43:00 AM
26001039,1,S4,00020,,3,6/1/2026 8:46:17 AM,6/4/2026 2:27:22 PM
26001104,1,S4,00020,,10,6/10/2026 9:19:37 AM,6/24/2026 11:31:58 AM
26001117,1,S4,00020,,3,6/10/2026 3:26:49 PM,6/15/2026 9:27:14 AM
26001143,1,S4,00020,,3,6/15/2026 5:14:18 PM,6/18/2026 2:45:30 PM
2710902,1,S4,00035,,18,6/1/2026 6:32:46 PM,6/25/2026 1:07:55 PM
2715868,1,S4,00030,,16,6/8/2026 8:31:51 AM,6/30/2026 8:01:09 PM
2716323,1,S4,00010,,6,6/8/2026 10:08:14 AM,6/16/2026 8:29:26 AM
2718026,1,S4,00010,,5,6/10/2026 2:30:29 PM,6/17/2026 11:50:06 AM
2719144,1,S4,00035,,13,6/12/2026 8:28:16 AM,7/1/2026 2:16:57 PM
2722186,1,S4,00035,,5,6/16/2026 2:31:17 PM,6/23/2026 1:31:23 PM
2722433,1,S4,00010,,5,6/16/2026 11:07:06 AM,6/23/2026 3:11:11 PM
2726554,1,S4,00035,,3,6/22/2026 3:12:30 PM,6/25/2026 1:36:34 PM
2727386,1,S4,00035,,3,6/23/2026 5:14:18 PM,6/26/2026 1:39:59 PM
2727672,1,S4,00010,,10,6/23/2026 2:23:39 PM,7/7/2026 8:37:19 AM
2728465,1,S4,00010,,5,6/24/2026 2:53:09 PM,7/1/2026 10:25:11 AM
2732235,1,S4,00010,,7,6/29/2026 4:01:52 PM,7/8/2026 12:24:28 PM
26001066,2,S4,00020,,1,6/3/2026 1:06:49 PM,6/4/2026 8:43:44 AM
26001079,2,S4,00020,,3,6/4/2026 3:44:35 PM,6/9/2026 2:06:15 PM
26001092,2,S4,00020,,0,6/9/2026 10:17:33 AM,6/9/2026 2:06:16 PM
26001170,2,S4,00020,,7,6/19/2026 1:50:35 PM,6/30/2026 10:05:48 AM
26001196,2,S4,00020,,0,6/25/2026 8:41:01 AM,6/25/2026 1:09:43 PM
2713828,2,S4,00034,,0,6/5/2026 1:27:45 PM,6/5/2026 3:01:04 PM
2717650,2,S4,00035,,2,6/10/2026 3:15:08 PM,6/12/2026 3:07:02 PM
2717949,2,S4,00010,,1,6/10/2026 12:15:38 PM,6/11/2026 1:41:45 PM
2721784,2,S4,00010,,1,6/15/2026 2:24:14 PM,6/16/2026 8:40:14 AM
2723370,2,S4,00010,,0,6/17/2026 3:18:26 PM,6/17/2026 3:19:00 PM
2725359,2,S4,00035,,-1,6/21/2026 12:25:26 AM,6/21/2026 1:02:30 AM
2728076,2,S4,00034,,0,6/24/2026 2:53:53 PM,6/24/2026 3:01:04 PM
2728310,2,S4,00010,,2,6/24/2026 11:03:05 AM,6/26/2026 12:16:36 PM
2728375,2,S4,00010,,0,6/24/2026 12:10:48 PM,6/24/2026 12:11:03 PM
2728414,2,S4,00010,,1,6/24/2026 1:20:55 PM,6/25/2026 12:41:15 PM
2728531,2,S4,00010,,1,6/24/2026 4:40:51 PM,6/25/2026 9:29:58 AM
26001138,9,S4,00020,,0,6/15/2026 9:02:08 AM,6/15/2026 1:06:17 PM
2712699,4,S4,00010,,1,6/3/2026 3:10:40 PM,6/4/2026 4:26:59 PM
2715940,8,S4,00034,,0,6/8/2026 10:47:11 AM,6/8/2026 3:01:05 PM
2715940,21,S4,00034,,0,6/8/2026 10:55:01 AM,6/8/2026 3:01:06 PM
2716066,4,S4,00030,,2,6/8/2026 2:12:46 PM,6/10/2026 8:01:08 PM
2719512,5,S4,00010,,1,6/12/2026 12:50:12 PM,6/15/2026 11:44:06 AM
2723635,7,S4,00030,,4,6/18/2026 11:09:52 AM,6/24/2026 8:01:08 PM
2719562,3,S4,00010,,1,6/12/2026 2:15:06 PM,6/15/2026 11:24:18 AM
2724216,3,S4,00010,,1,6/18/2026 5:12:18 PM,6/19/2026 7:50:05 AM
2727544,3,S4,00010,,0,6/23/2026 9:58:57 AM,6/23/2026 10:27:16 PM
2711787,1,S4,00010,,1,6/2/2026 10:04:11 AM,6/3/2026 10:50:07 AM
2711852,1,S4,00010,,1,6/2/2026 12:17:23 PM,6/3/2026 10:50:07 AM
2713451,1,S4,00010,,1,6/4/2026 2:13:10 PM,6/5/2026 6:50:05 AM
2713503,1,S4,00010,,1,6/4/2026 3:32:45 PM,6/5/2026 6:50:05 AM
2714140,1,S4,00010,,1,6/5/2026 11:59:51 AM,6/8/2026 9:30:41 AM
2716389,1,S4,00010,,1,6/8/2026 12:02:24 PM,6/9/2026 8:25:46 AM
2716519,1,S4,00010,,1,6/8/2026 4:02:53 PM,6/9/2026 3:57:41 PM
2717273,1,S4,00010,,1,6/9/2026 3:46:19 PM,6/10/2026 2:05:00 PM
2717910,1,S4,00010,,1,6/10/2026 11:17:35 AM,6/11/2026 8:50:05 AM
2717949,1,S4,00010,,1,6/10/2026 12:15:38 PM,6/11/2026 1:41:45 PM
2718768,1,S4,00010,,1,6/11/2026 1:32:01 PM,6/12/2026 8:22:14 AM
2719496,1,S4,00010,,1,6/12/2026 12:13:27 PM,6/15/2026 11:15:53 AM
2721784,1,S4,00010,,1,6/15/2026 2:24:14 PM,6/16/2026 8:40:14 AM
2722434,1,S4,00010,,1,6/16/2026 10:55:03 AM,6/17/2026 11:20:15 AM
2724579,1,S4,00010,,1,6/19/2026 11:29:07 AM,6/22/2026 12:50:04 PM
2726932,1,S4,00010,,1,6/22/2026 3:25:00 PM,6/23/2026 10:50:08 AM
2727933,1,S4,00010,,1,6/23/2026 10:13:14 PM,6/24/2026 9:06:27 PM
2728414,1,S4,00010,,1,6/24/2026 1:20:55 PM,6/25/2026 12:41:15 PM
2732054,1,S4,00010,,1,6/29/2026 10:24:33 AM,6/30/2026 2:50:03 PM
2732119,1,S4,00010,,1,6/29/2026 1:24:48 PM,6/30/2026 8:50:05 AM
2727478,1,SA,00010,,1,6/23/2026 8:20:18 AM,6/24/2026 11:50:05 AM
2728024,1,SA,00030,,1,6/24/2026 1:09:44 AM,6/25/2026 8:01:07 PM
26001066,1,S4,00020,,1,6/3/2026 1:06:48 PM,6/4/2026 8:43:44 AM
26001144,1,S4,00020,,1,6/15/2026 5:18:35 PM,6/16/2026 4:05:52 PM
26001157,1,S4,00020,,1,6/18/2026 9:46:12 AM,6/19/2026 4:22:26 PM
2719145,1,S4,00035,,1,6/12/2026 8:27:50 AM,6/15/2026 3:17:27 PM
2721420,1,S4,00035,,1,6/15/2026 2:48:20 PM,6/16/2026 1:01:26 PM
2723032,1,S4,00034,,1,6/17/2026 4:54:10 PM,6/18/2026 3:01:06 PM
26001196,1,S4,00020,,0,6/25/2026 8:41:01 AM,6/25/2026 1:09:43 PM
2713828,1,S4,00034,,0,6/5/2026 1:27:44 PM,6/5/2026 3:01:04 PM
2715921,1,S4,00034,,0,6/8/2026 9:58:28 AM,6/8/2026 3:01:05 PM
2717507,1,S4,00034,,0,6/10/2026 10:48:29 AM,6/10/2026 3:01:03 PM
2718833,1,S4,00010,,0,6/11/2026 3:40:36 PM,6/11/2026 3:40:58 PM
2726425,1,S4,00034,,0,6/22/2026 11:00:54 AM,6/22/2026 3:01:04 PM
2727270,1,S4,00034,,0,6/23/2026 1:40:27 PM,6/23/2026 3:01:07 PM
2728076,1,S4,00034,,0,6/24/2026 2:53:53 PM,6/24/2026 3:01:04 PM
2728375,1,S4,00010,,0,6/24/2026 12:10:48 PM,6/24/2026 12:11:03 PM
2729155,1,S4,00010,,0,6/25/2026 12:46:46 PM,6/25/2026 12:47:04 PM
26001131,1,S4,00020,,2,6/12/2026 10:25:58 AM,6/16/2026 2:43:13 PM
26001183,1,S4,00020,,2,6/22/2026 5:28:24 PM,6/24/2026 3:22:38 PM
2717650,1,S4,00035,,2,6/10/2026 3:15:03 PM,6/12/2026 3:07:02 PM
2717195,1,S4,00010,,2,6/9/2026 1:16:13 PM,6/11/2026 12:00:16 PM
2718027,1,S4,00010,,2,6/10/2026 2:44:37 PM,6/12/2026 11:04:19 AM
2728310,1,S4,00010,,2,6/24/2026 11:03:05 AM,6/26/2026 12:16:36 PM
2732236,1,S4,00010,,2,6/29/2026 3:48:14 PM,7/1/2026 4:46:40 PM
2732990,1,S4,00010,,2,6/30/2026 3:49:36 PM,7/2/2026 8:31:27 AM
2729831,1,SA,00010,,3,6/26/2026 9:27:47 AM,7/1/2026 10:59:46 AM
26001053,1,S4,00020,,23,6/2/2026 1:31:45 PM,7/3/2026 3:19:38 PM
26001079,1,S4,00020,,3,6/4/2026 3:44:35 PM,6/9/2026 2:06:15 PM
26001118,1,S4,00020,,6,6/10/2026 3:35:03 PM,6/18/2026 2:45:30 PM
26001170,1,S4,00020,,7,6/19/2026 1:50:34 PM,6/30/2026 10:05:48 AM
2716012,1,S4,00035,,4,6/8/2026 12:51:04 PM,6/12/2026 5:02:25 PM
2722746,1,S4,00030,,21,6/17/2026 8:08:57 AM,7/16/2026 8:01:07 PM
2725359,1,S4,00035,,-1,6/21/2026 12:25:21 AM,6/21/2026 1:02:30 AM
2726555,1,S4,00035,,3,6/22/2026 3:13:22 PM,6/25/2026 1:37:35 PM
2712750,2,S4,00010,,1,6/4/2026 8:24:43 AM,6/5/2026 6:50:05 AM
2713504,2,S4,00010,,1,6/4/2026 3:34:49 PM,6/5/2026 8:37:30 AM
2719276,2,S4,00035,,1,6/12/2026 5:08:14 PM,6/15/2026 12:58:15 PM
2719562,2,S4,00010,,1,6/12/2026 2:15:06 PM,6/15/2026 11:24:18 AM
2719627,2,S4,00010,,3,6/12/2026 4:14:07 PM,6/17/2026 11:50:06 AM
2723683,2,S4,00035,,0,6/18/2026 12:55:08 PM,6/18/2026 12:56:56 PM
2726426,2,S4,00030,,9,6/22/2026 11:03:03 AM,7/3/2026 8:01:09 PM
2726998,2,S4,00010,,1,6/22/2026 4:58:58 PM,6/23/2026 7:50:08 AM
2727271,2,S4,00034,,0,6/23/2026 1:45:05 PM,6/23/2026 3:01:07 PM
2727544,2,S4,00010,,0,6/23/2026 9:58:57 AM,6/23/2026 10:27:16 PM
2728376,2,S4,00010,,2,6/24/2026 1:26:01 PM,6/26/2026 9:50:07 AM
26001138,8,S4,00020,,0,6/15/2026 9:02:07 AM,6/15/2026 1:06:17 PM
26001150,7,S4,00020,,2,6/16/2026 4:32:42 PM,6/18/2026 10:28:02 AM
26001163,7,S4,00020,,0,6/22/2026 11:41:06 AM,6/22/2026 1:18:00 PM
26001177,8,S4,00020,,0,6/25/2026 2:19:36 PM,6/25/2026 2:27:25 PM
2715940,7,S4,00034,,0,6/8/2026 10:47:10 AM,6/8/2026 3:01:05 PM
2715940,20,S4,00034,,0,6/8/2026 10:55:01 AM,6/8/2026 3:01:06 PM
2723635,6,S4,00030,,4,6/18/2026 11:09:52 AM,6/24/2026 8:01:08 PM
2712699,3,S4,00010,,1,6/3/2026 3:10:40 PM,6/4/2026 4:26:59 PM
2716066,3,S4,00030,,2,6/8/2026 2:12:45 PM,6/10/2026 8:01:08 PM
2728416,3,S4,00010,,2,6/24/2026 2:02:18 PM,6/26/2026 8:50:06 AM
2732199,3,S4,00010,,2,6/29/2026 2:30:38 PM,7/1/2026 1:50:06 PM
