dbo,FactGLPeriodBalances,359774652
dbo,DimItemCostHistory,138577249
dbo,FactInventoryAsOfPerBalances,90539544
dbo,FactGLYearBalances,29981221
dbo,FactGLDetail,19092027
dbo,DimItemCostPivot,17585322
dbo,TM1_EDW_SALES_PERSPECTIVE,15092391
dbo,MRPTimeSeries,13482904
dbo,MRPTimeSeries_Final,13482904
BIQL,UOMConversion,10361147
dbo,FactInventoryAsOfYearBalances,7544962
dbo,FactInventoryDetail,7250882
dbo,MRPMtrl_Msg_Final,4625392
dbo,FactForecast,4624110
dbo,FactWOProductionCost,3925474
BIQL,SafetyStock,3542841
dbo,FactWOPartsList,3200776
dbo,MRPMtrl_Peg,3155721
dbo,MRPMtrl_Peg_Final,3155721
dbo,TM1_EDW_SALES_PERSPECTIVE_STG_FC_ST,2576446
BIQL,UOMConversionMaster,2551977
dbo,DimItemCostComponents_History,2328825
dbo,TM1_EDW_SALES_PERSPECTIVE_STG_FC,2320687
dbo,FactSalesPriceAdjustments,2195864
dbo,DimItemCostComponents,2068723
dbo,DimItemCost,1990725
dbo,FactInventorySnapshot_History,1973146
dbo,FactQCDetail,1889402
dbo,FactPurchaseOrderDetailLedger,1821392
dbo,DimItemCost_History,1632096
dbo,MRPMtrl_Msg,1560321
dbo,FactWORouting,1264018
dbo,FactSalesHeader,1101771
dbo,FactWOTimeTransactions,1090683
dbo,TM1_EDW_SALES_PERSPECTIVE_STG_BU,983843
dbo,FactSalesDetail,970875
dbo,FactAPPaymentDetail,815885
dbo,FactAPDetail,729839
dbo,F3460z1_STAGE,719352
dbo,FactPurchaseOrderReceiver,715514
dbo,DimLot,566130
dbo,DimWorkOrder,505165
dbo,FactARReceiptsDetail,471607
dbo,FactPurchaseOrderDetail,433403
dbo,FactARDetail,415418
dbo,DimSubledger,412347
dbo,DimItemUOMConversion_History,326956
dbo,DimItemUOMConversion,326890
dbo,MRPMtrl_Msg_Append,259799
dbo,DimItemBranch_History,245798
dbo,FactQCPreferenceProfile,196855
dbo,DimItemUOMConversionRecursive,173819
dbo,DimItemUOMConversionRecursive_History,173812
dbo,DimBillOfMaterial,167658
dbo,DimItemLocationFile,165897
dbo,TM1_EDW_SALES_PERSPECTIVE_STG_AC,156079
dbo,FactInventorySnapshot,121781
dbo,DimItemBranchAdditionalInformation,115734
dbo,DimItemBranch,115734
BIQL,DimBillOfMaterialExpanded_PRE,115532
dbo,DimRouting,110571
BIQL,CurrencyRatesTo,109572
dbo,DimItemBasePrice,101921
dbo,DimItemBranchAdditionalInformation_History,100833
dbo,DimUDC,95601
BIQL,TbStandardItemCost_TABLE,86141
dbo,DimCurrencyExchangeRates,70377
dbo,DimAccount,66718
BIQLCOA,DimAccountHierarchy,66718
dbo,TM1_EDW_SALES_PERSPECTIVE_STG_BU_CONS,58833
dbo,TM1_EDW_SALES_PERSPECTIVE_STG_FC_CONS,58833
dbo,FactDocumentAudit,50272
dbo,DimItemMasterAdditionalInformation,39972
dbo,DimItem,39969
dbo,FactSupplierPricing,38837
dbo,DimCustomerCommissionInfo,38771
dbo,DimAddressBookPhoneNumber,38248
dbo,FactPriceExceptions,37469
dbo,DimAddress,37177
dbo,DimIndustryClassification,27408
dbo,F00950,23618
dbo,DimCustomer,22128
dbo,DimCalendar,21918
dbo,DimSupplierItem,21761
dbo,F3460Z1,20805
dbo,DimItemShippingInformation,17247
dbo,DimSupplier,14467
BIQLETL,AuditData,8958
dbo,DimTestDefinition,7472
dbo,TM1_EDW_SALES_PERSPECTIVE_STG_OO,7236
dbo,DimItemCrossReference,7017
dbo,F95921,5331
dbo,DimAsset,3526
BIQLSEC,SecurityDimCompany,3444
dbo,DimLocation,3255
dbo,DimUser,3218
dbo,F0092,3217
dbo,DimDistributionAAI,2836
dbo,DimCurrencyRestatementRates,1893
dbo,DimBusinessUnit,1315
BIQLSEC,SecurityRole,1058
BIQLSEC,SecurityUser,1058
BIQLSEC,SecurityUserRole,1058
dbo,F0092L,1043
dbo,DimAAI,982
dbo,DimProductDataManagement,684
dbo,TM1_EDW_SALES_PERSPECTIVE_STG_CM_AC,448
dbo,DimSupplementalData,355
BIQLETL,DimItemBranch_CT,337
dbo,DimDocumentType,303
BIQLETL,DimItemLocationFile_CT,271
dbo,DimPaymentTerms,166
BIQL,SupplierPaymentTermsScore,164
dbo,DimUOM,142
dbo,DimStatusCode,117
BIQLETL,FactGLDetail_CT,117
BIQLCOA,Stage_BalanceSheet,103
BIQLCOA,Stage_IncomeStatement,71
dbo,DimUOMConversion,60
dbo,DimUOMConversion_History,60
dbo,DimLedgerType,57
dbo,CostMethodsToSkip,56
BIQLETL,FactGLYearBalances_CT,52
BIQLETL,ConfigAuditTables,51
BIQLETL,FactSalesPriceAdjustments_CT,35
BIQLETL,FactInventoryDetail_CT,27
BIQLETL,FactInventorySnapshot_CT,25
dbo,DimCompany,25
BIQL,CurrentDateByTimeZone,25
BIQLETL,FactQCDetail_CT,24
dbo,DimDisposalFee,21
dbo,DimCurrencyCode,20
BIQLETL,FactSalesDetail_CT,15
BIQLETL,FactSalesHeader_CT,14
dbo,CalendarDescriptions,12
BIQLETL,DimLot_CT,8
BIQLETL,DimCustomer_CT,7
BIQLETL,FactWOPartsList_CT,7
BIQLETL,FactWOTimeTransactions_CT,6
BIQLETL,FactWORouting_CT,5
BIQLETL,DimWorkOrder_CT,5
BIQLETL,DimWorkOrderTag_CT,5
BIQLETL,FactARReceiptsDetail_CT,4
BIQLETL,FactAPDetail_CT,3
BIQLETL,FactARDetail_CT,3
BIQLETL,DimItemCost_CT,3
BIQLETL,ConfigSchemas,2
BIQLETL,DimSupplier_CT,2
BIQLETL,FactDocumentAudit_CT,2
BIQLETL,FactSupplierPricing_CT,2
BIQLCOA,ImportAudit,1
BIQLETL,FactPurchaseOrderHeader_CT,1
dbo,TM1_EDW_CURRENT_MONTH,1
BIQLETL,PS_CDC_States,1
dbo,TM1_EDW_PRIOR_YEAR,1
dbo,DimItemPreferenceGroups,1
BIQL,CurrentDate,1
dbo,DimCurrencyCrossRatesCalc,1
BIQLETL,DimCurrencyCrossRatesCalc_CT,0
BIQLETL,DimCurrencyCode_CT,0
BIQLETL,DimCompany_CT,0
BIQLETL,DimBusinessUnit_CT,0
BIQLETL,DimAsset_CT,0
BIQLETL,DimAssetEquipmentExtension_CT,0
BIQLETL,DimBillOfMaterial_CT,0
BIQLETL,DimAddressBookPhoneNumber_CT,0
BIQLETL,DimAddressMailing_CT,0
BIQLETL,DimAddressOrgStructure_CT,0
BIQLETL,DimAddressWhosWho_CT,0
dbo,DimAdvancedPricing,0
BIQLETL,DimAAI_CT,0
BIQLETL,DimAddress_CT,0
BIQLETL,DimAccount_CT,0
dbo,BIQL.GlobalConversions,0
dbo,BOM_Expanded_TM1,0
dbo,[TM1_EDW_SALES_PERSPECTIVE_STG_1],0
BIQL,_temp_UOMConvCheck,0
BIQLETL,DimItemBranchAdditionalInformation_History_CT,0
BIQLETL,DimItemBranchAdditionalInformation_CT,0
BIQLETL,DimItemBranch_History_CT,0
BIQLETL,DimItem_CT,0
BIQLETL,DimItemBasePrice_CT,0
BIQLETL,DimItemBasePriceCustomerKey_CT,0
BIQLETL,DimItemBasePriceItemKey_CT,0
BIQLETL,DimCustomerCommissionInfo_CT,0
BIQLETL,DimCurrencyRestatementRates_CT,0
BIQLETL,DimCurrencyExchangeRates_CT,0
BIQLETL,DimDisposalFee_CT,0
BIQLETL,DimDistributionAAI_CT,0
BIQLETL,DimIndustryClassification_CT,0
BIQLETL,DimItemPreferenceGroups_CT,0
BIQLETL,DimItemMasterAdditionalInformation_CT,0
BIQLETL,DimItemCostComponents_History_CT,0
BIQLETL,DimItemCrossReference_CT,0
BIQLETL,DimItemCost_History_CT,0
BIQLETL,DimItemCostComponents_CT,0
BIQLETL,DimPaymentTerms_CT,0
BIQLETL,DimLocation_CT,0
BIQLETL,DimItemUOMConversion_History_CT,0
BIQLETL,DimLedgerType_CT,0
BIQLETL,DimItemShippingInformation_CT,0
BIQLETL,DimItemUOMConversion_CT,0
BIQLETL,DimSupplierItem_CT,0
BIQLETL,DimTestDefinition_CT,0
BIQLETL,DimUDC_CT,0
BIQLETL,DimStatusCode_CT,0
BIQLETL,DimRouting_CT,0
BIQLETL,DimSupplementalData_CT,0
BIQLETL,DimSubledger_CT,0
BIQLETL,DimUser_CT,0
BIQLETL,DimUOMConversion_History_CT,0
dbo,DimUOMConvert,0
BIQLETL,DimUOMConversion_CT,0
BIQLETL,F0092L_CT,0
BIQLETL,F0092_CT,0
dbo,F3460Z1_New,0
BIQLETL,F00950_CT,0
dbo,F3413,0
dbo,TM1_EDW_SALES_PERSPECTIVE_BKP,0
dbo,TM1_EDW_SALES_PERSPECTIVE_HISTORY,0
dbo,TM1_EDW_SALES_PERSPECTIVE_INT,0
dbo,TM1_EDW_SALES_PERSPECTIVE_STG,0
dbo,TM1_EDW_DIMENSION_REF_COMPANY,0
dbo,TM1_EDW_DIMENSION_REF_MEASURE,0
dbo,TM1_EDW_DIMENSION_REF_VERSION,0
dbo,TbBOMExpanded,0
dbo,SF_DimAccount,0
BIQLETL,SF_DimAccount_CT,0
dbo,SF_DimCase,0
BIQLETL,SF_DimCase_CT,0
BIQLETL,SF_DimOpportunityLineItem_CT,0
BIQLSEC,SecurityModule,0
dbo,PRODDTA_F3460Z1,0
dbo,TM1_Test_DB,0
dbo,TM1_Test_DB_v2,0
BIQLETL,FactPurchaseOrderDetailLedger_CT,0
dbo,FactPurchaseOrderHeader,0
BIQLETL,FactPurchaseOrderReceiver_CT,0
BIQLETL,FactSalesHeaderHistory_CT,0
dbo,FactSalesHistory_UOM_Fix,0
BIQLETL,FactSalesDetailHistory_CT,0
BIQLETL,FactQCPreferenceProfile_CT,0
BIQLCOA,ImportAuditError,0
BIQL,FCR_History_ItemCheck,0
dbo,FrozenCostRollupHistory,0
dbo,FrozenCostStats,0
BIQL,GlobalLotStatusExport,0
BIQL,HistoricalSnapshot,0
BIQLETL,FactWOProductionCost_CT,0
BIQLETL,FactForecast_CT,0
BIQLETL,FactAPPaymentDetail_CT,0
BIQLETL,F95921_CT,0
BIQLETL,FactInventoryAsOfYearBalances_CT,0
BIQLETL,FactPriceExceptions_CT,0
BIQLETL,FactPurchaseOrderDetail_CT,0
BIQLETL,FactInventorySnapshot_History_CT,0
dbo,FactPriceAdjustmentDetail,0
BIQLETL,FactPriceAdjustmentDetail_CT,0
