2,2,2,142,220,1329,8698,434,-1,2436,2436,2436,3135,3135,3135,3929,43,1,157,-2,72,116,-2,00010,CM,64,000,1.000,23387,23387,23387,"        CIN2",0,00010,"FD&C BLUE DYE                 ","                              ",00010,197960,RI,719533,"C ","Credit                        ","F1                  ","244505                        ","          ","AWILSON   ",0.000,"     ",0,"  ",00010,1.000,655,OM,"                              ",620,999,"        "," ",EA,EA,EA,QT,EA,1900-01-01,-1,1900-01-01,-1,2011-06-30,20110630,2011-06-30,20110630,2011-06-21,20110621,2011-06-21,20110621,2011-06-21,20110621,2011-06-21,20110621,-151.2000,-168.3600,-168.3600,14.0300,0.0000,12.5999,14.0300,14.0300,0.0000,0.0000,0.0000,0.0000,-12.0000,-12.0000,-12.0000,0.0000,-12.0000,-12.0000,"   ",USD,0.0000000,0.0000,0.0000,0.0000,0.0000,0.0000,Sales Detail,"00010,64,CM,1.000","00010,64,CM","GT4211A,64|CM|00010|1.000,1","GT4201A,64|CM|00010|,1",49,-2,-1,337,3929,0,D,USD,0.0100,4.0000000,1.8143887,1.0000000,"       10230","       10230",,0.0000,0.0000,0.0000,1000,0.0000,0.0000,23387FDCBLUE,23387FDCBLUE,0.0000,N30,008,"Order Entry                   ",0.0000,PPGTM,0,0.0000,2011-06-21,20110621,2011-06-21,20110621,2016-01-29,20160129,0.0000,0.0000,0.0000,14.0300,-168.3600,-168.3600,0.0000,1.0000,0.0000,0.0000,0.0000,0.0000,-12.0000,-12.0000,-12.0000,0.0000,0.0000,-12.0000,4,2026-05-09 03:22:58.467,1,PPD,"          ",0,"   ","                              ","                              ","  ",NULL,EA,"FDCBLUE-QT               ",0,0,"AWILSON   ","   ",1900-01-01,1900-01-01,"TBOYETTE  "
2,2,2,142,220,14491,15270,431,-1,1822,1822,1822,2521,2521,2521,2915,43,1,1,-2,72,116,-2,00010,CM,74,000,4.000,22653,22653,22653,"        CIN2",0,00010,"VAPORCOAT 2200R               ","                              ",00010,198830,RI,857477,"C ","Credit                        ","                    ","244359                        ","          ","AWILSON   ",0.000,"     ",0,"  ","     ",0.000,0,"  ","                              ",620,999,"        "," ",LB,LB,LB,TO,TO,1900-01-01,-1,1900-01-01,-1,2011-07-29,20110729,2011-07-29,20110729,2011-07-07,20110707,2011-07-07,20110707,2011-07-07,20110707,2011-07-07,20110707,30436.5600,39501.0000,14.6300,1.7900,0.0000,1.0248,1.3300,1.3300,0.0000,0.0000,0.0000,0.0000,11.0000,29700.0000,11.0000,0.0000,11.0000,11.0000,"   ",USD,0.0000000,0.0000,0.0000,0.0000,0.0000,0.0000,Sales Detail,"00010,74,CM,4.000","00010,74,CM","GT4211A,74|CM|00010|4.000,1","GT4201A,74|CM|00010|,1",55,-2,-1,337,2915,0,D,USD,0.0100,1.0000000,0.4535971,2700.0000000,"       10230","       10230",,0.0000,0.0000,0.0000,4000,0.0000,0.0000,22653VAP2200R,22653VAP2200R,0.0000,220,"   ","blank is needed-do not delete ",0.0000,PPGTM,0,0.0000,2011-07-07,20110707,2011-07-07,20110707,2016-01-29,20160129,0.0000,0.0000,0.0000,1.7900,53163.0000,39501.0000,0.0000,1.0000,0.0000,0.0000,0.0000,0.0000,3630.0000,29700.0000,29700.0000,0.0000,0.0000,29700.0000,4,2026-05-09 03:22:58.467,1,COL,"          ",27710,"   ","                              ","                              ","  ",NULL,LB,"VAP2200R-T3              ",0,0,"GKOHLS    ","   ",2011-07-07,1900-01-01,"GKOHLS    "
2,2,2,142,220,1534,8902,434,-1,5304,5304,5304,8346,8346,8346,8191,43,239,157,-2,72,116,-2,00010,CM,5,000,1.000,162284,162284,162284,"        CIN2",0,00010,"MICHEM COAT 40EAF             ","                              ",00010,192009,RI,722071,"C ","Credit                        ","F1                  ","232321                        ","          ","KBENJAMIN ",1.000,00010,179319,S4,00010,1.000,604,OM,"                              ",620,999,"        "," ",LB,LB,LB,DR,DR,1900-01-01,-1,1900-01-01,-1,2010-12-31,20101231,2010-12-31,20101231,2010-11-04,20101104,2010-11-04,20101104,2010-11-04,20101104,2010-11-04,20101104,-335.9700,-650.7500,-1.3700,1.3700,0.0000,0.7073,1.3700,1.3700,0.0000,0.0000,0.0000,0.0000,-1.0000,-475.0000,-1.0000,0.0000,-1.0000,-1.0000,"   ",USD,0.0000000,0.0000,0.0000,0.0000,0.0000,0.0000,Sales Detail,"00010,5,CM,1.000","00010,5,CM","GT4211A,5|CM|00010|1.000,1","GT4201A,5|CM|00010|,1",4,-2,-1,337,8191,0,D,USD,0.0100,1.0000000,0.4535971,475.0000000,"       10230","       10230",,0.0000,0.0000,0.0000,1000,0.0000,0.0000,162284MC40EAF,162284MC40EAF,0.0000,ADV,008,"Order Entry                   ",0.0000,PPGTM,0,0.0000,2010-11-04,20101104,2010-11-04,20101104,2016-01-29,20160129,0.0000,0.0000,0.0000,1.3700,-650.7500,-650.7500,0.0000,1.0000,0.0000,0.0000,0.0000,0.0000,-55.8377,-475.0000,-475.0000,0.0000,0.0000,-475.0000,4,2026-05-09 03:22:58.467,1,PPA,"          ",26131,"   ","                              ","                              ","  ",NULL,LB,"MC40EAF-FD               ",0,0,"KBENJAMIN ","   ",1900-01-01,1900-01-01,"UPDATE    "
2,2,2,142,220,20969,18878,431,-1,1822,1822,1822,2521,2521,2521,2915,43,250,157,-2,72,116,-2,00010,CM,38,000,2.000,22653,22653,22653,"        CIN2",0,00010,"VAPORCOAT 850                 ","                              ",00010,194468,RI,933417,"C ","Credit                        ","                    ","229377                        ","          ","AWILSON   ",4.000,00010,177227,SO,00010,2.000,634,OM,"                              ",620,999,"        "," ",LB,LB,LB,TO,TO,1900-01-01,-1,1900-01-01,-1,2011-03-18,20110318,2011-03-16,20110316,2011-02-24,20110224,2011-02-24,20110224,2011-02-24,20110224,2011-02-24,20110224,-8875.9200,-10890.0000,-3.5100,1.3700,0.0000,0.7158,0.8782,0.8782,0.0000,0.0000,0.0000,0.0000,-4.0000,-12400.0000,-4.0000,0.0000,-4.0000,-4.0000,"   ",USD,0.0000000,0.0000,0.0000,0.0000,0.0000,0.0000,Sales Detail,"00010,38,CM,2.000","00010,38,CM","GT4211A,38|CM|00010|2.000,1","GT4201A,38|CM|00010|,1",29,-2,-1,337,2915,0,D,USD,0.0100,1.0000000,0.4535971,3100.0000000,"       10230","       10230",,0.0000,0.0000,0.0000,2000,0.0000,0.0000,22653VAPCT850,22653VAPCT850,0.0000,220,BUG,"Debug/Boilout/Water           ",0.0000,PPGTM,0,0.0000,2011-02-24,20110224,2011-02-24,20110224,2016-01-29,20160129,0.6822,0.0000,0.0000,1.3700,-16988.0000,-10890.0000,0.0000,1.0000,0.0000,0.0000,0.0000,0.0000,-1320.0000,-12400.0000,-12400.0000,0.0000,0.0000,-12400.0000,4,2026-05-09 03:22:58.467,1,COL,"          ",27710,"   ","                              ","                              ","  ",NULL,LB,"VAPCT850-T3              ",0,0,"AWILSON   ","   ",1900-01-01,1900-01-01,"TBOYETTE  "
2,2,2,143,220,16714,32255,748,-1,1822,1822,1822,2521,2521,2521,2915,43,239,1,-2,72,116,-2,00010,CM,96,000,1.000,22653,22653,22653,"        CIN3",0,00010,"MICHEMCOAT 50 AFN             ","                              ",00010,199662,RI,883464,"C ","Credit                        ","F1                  ","246431                        ","          ","LJOHNSON  ",0.000,"     ",187372,S4,"     ",0.000,0,"  ","                              ",620,999,"        "," ",LB,LB,LB,TO,LB,1900-01-01,-1,1900-01-01,-1,2011-08-30,20110830,2011-08-25,20110825,2011-08-16,20110816,2011-08-16,20110816,2011-08-16,20110816,2011-08-16,20110816,-674.0800,-1584.0000,-1584.0000,1.9500,0.0000,0.6128,1.4400,1.4400,0.0000,0.0000,0.0000,0.0000,-1100.0000,-1100.0000,-0.4231,0.0000,-1100.0000,-1100.0000,"   ",USD,0.0000000,0.0000,0.0000,0.0000,0.0000,0.0000,Sales Detail,"00010,96,CM,1.000","00010,96,CM","GT4211A,96|CM|00010|1.000,1","GT4201A,96|CM|00010|,1",73,-2,-1,337,2915,0,D,USD,0.0100,1.0000000,0.4535971,1.0000000,"       10230","       10230",,0.0000,0.0000,0.0000,1000,0.0000,0.0000,22653MC50AFN,22653MC50AFN,0.0000,220,RET,"Return, NO restocking fee     ",0.0000,PPGTM,0,0.0000,2011-08-16,20110816,2011-08-16,20110816,2016-01-29,20160129,0.0000,0.0000,0.0000,1.9500,-2145.0000,-1584.0000,0.0000,1.0000,0.0000,0.0000,0.0000,0.0000,-131.8945,-1100.0000,-1100.0000,0.0000,0.0000,-1100.0000,4,2026-05-09 03:22:58.467,1,COL,"          ",27710,"   ","                              ","                              ","  ",NULL,LB,"MC50AFN-T3               ",0,0,"LJOHNSON  ","   ",1900-01-01,1900-01-01,"TBOYETTE  "
2,2,2,145,220,14788,54680,900,-1,9180,9180,9180,14570,14570,14570,13869,43,250,157,-2,72,116,-2,00010,CM,19,000,1.000,291773,291773,291773,"        CINC",0,00010,"DIGIPRIME 2000                ","                              ",00010,192762,RI,860502,"C ","Credit                        ","                    ","229917                        ","          ","NMCCRARY  ",1.000,00010,177605,SO,00010,1.000,616,OM,"                              ",620,999,"        "," ",LB,LB,LB,DR,DR,1900-01-01,-1,1900-01-01,-1,2011-01-28,20110128,2011-01-28,20110128,2011-01-04,20110104,2011-01-04,20110104,2011-01-04,20110104,2011-01-04,20110104,-245.1600,-895.5000,-1.9900,1.9900,0.0000,0.5448,1.9900,1.9900,0.0000,0.0000,0.0000,0.0000,-1.0000,-450.0000,-1.0000,0.0000,-1.0000,-1.0000,"   ",USD,0.0000000,0.0000,0.0000,0.0000,0.0000,0.0000,Sales Detail,"00010,19,CM,1.000","00010,19,CM","GT4211A,19|CM|00010|1.000,1","GT4201A,19|CM|00010|,1",13,-2,-1,337,13869,0,D,USD,0.0100,1.0000000,0.4535971,450.0000000,"       10230","       10230",,0.0000,0.0000,0.0000,1000,0.0000,0.0000,291773DP2000,291773DP2000,0.0000,001,RET,"Return, NO restocking fee     ",0.0000,PPGTM,0,0.0000,2011-01-04,20110104,2011-01-04,20110104,2016-01-29,20160129,0.4651,0.0000,0.0000,1.9900,-895.5000,-895.5000,0.0000,1.0000,0.0000,0.0000,0.0000,0.0000,-55.0000,-450.0000,-450.0000,0.0000,0.0000,-450.0000,4,2026-05-09 03:22:58.467,1,PPD,"          ",26074,"   ","                              ","                              ","  ",NULL,LB,"DP2000-FD                ",0,0,"NMCCRARY  ","   ",1900-01-01,1900-01-01,"TBOYETTE  "
2,2,2,142,220,16714,16745,431,-1,556,556,5720,1255,1255,9076,787,43,250,157,-2,72,116,-2,00010,CM,10,000,5.000,21253,204366,21253,"        CIN2",0,00010,"MICHEMCOAT 50 AFN             ","                              ",00010,192011,RI,883464,"C ","Credit                        ","                    ","219730                        ","          ","AWILSON   ",3.000,00010,170346,SO,00010,5.000,609,OM,"                              ",620,999,"        "," ",LB,LB,LB,TO,TO,1900-01-01,-1,1900-01-01,-1,2010-12-31,20101231,2010-12-31,20101231,2010-12-02,20101202,2010-12-02,20101202,2010-12-02,20101202,2010-12-02,20101202,-1546.7400,-4160.0000,-1.6000,1.8500,0.0000,0.5949,1.6000,1.6000,0.0000,0.0000,0.0000,0.0000,-1.0000,-2600.0000,-1.0000,0.0000,-1.0000,-1.0000,"   ",USD,0.0000000,0.0000,0.0000,0.0000,0.0000,0.0000,Sales Detail,"00010,10,CM,5.000","00010,10,CM","GT4211A,10|CM|00010|5.000,1","GT4201A,10|CM|00010|,1",8,-2,-1,337,787,0,D,USD,0.0100,1.0000000,0.4535971,2600.0000000,"       10230","       10230",,0.0000,0.0000,0.0000,5000,0.0000,0.0000,21253MC50AFN,21253MC50AFN,0.0000,N30,002,"Returned Material (Acctg)     ",0.0000,PPGTM,0,0.0000,2010-12-02,20101202,2010-12-02,20101202,2016-01-29,20160129,0.4721,0.0000,0.0000,1.8500,-4810.0000,-4160.0000,0.0000,1.0000,0.0000,0.0000,0.0000,0.0000,-330.0000,-2600.0000,-2600.0000,0.0000,0.0000,-2600.0000,4,2026-05-09 03:22:58.467,1,PPB,"          ",26078,"   ","                              ","                              ","  ",NULL,LB,"MC50AFN-T3               ",0,0,"AWILSON   ","   ",1900-01-01,1900-01-01,"UPDATE    "
2,2,2,143,220,20334,34078,748,-1,2135,2135,2135,2834,2834,2834,3435,43,1,157,-2,72,116,-2,00010,CM,94,000,5.000,23017,23017,23017,"        CIN3",0,00010,"PLATE KOTE 42MF KOSHER        ","                              ",00010,199661,RI,926284,"C ","Credit                        ","F1                  ","244931                        ","          ","NMCCRARY  ",0.000,"     ",0,"  ",00010,5.000,680,OM,"                              ",620,999,"        "," ",LB,LB,LB,DR,DR,1900-01-01,-1,1900-01-01,-1,2011-08-26,20110826,2011-08-25,20110825,2011-08-10,20110810,2011-08-10,20110810,2011-08-10,20110810,2011-08-10,20110810,-350.0300,-598.5000,-1.2600,1.4700,0.0000,0.7369,1.2600,1.2600,0.0000,0.0000,0.0000,0.0000,-1.0000,-475.0000,-1.0000,0.0000,-1.0000,-1.0000,"   ",USD,0.0000000,0.0000,0.0000,0.0000,0.0000,0.0000,Sales Detail,"00010,94,CM,5.000","00010,94,CM","GT4211A,94|CM|00010|5.000,1","GT4201A,94|CM|00010|,1",72,-2,-1,337,3435,0,D,USD,0.0100,1.0000000,0.4535971,475.0000000,"       10230","       10230",,0.0000,0.0000,0.0000,5000,0.0000,0.0000,23017PK42MFK,23017PK42MFK,0.0000,N30,RET,"Return, NO restocking fee     ",0.0000,PPGTM,0,0.0000,2011-08-10,20110810,2011-08-10,20110810,2016-01-29,20160129,0.0000,0.0000,0.0000,1.4700,-698.2500,-598.5000,0.0000,1.0000,0.0000,0.0000,0.0000,0.0000,-55.0000,-475.0000,-475.0000,0.0000,0.0000,-475.0000,4,2026-05-09 03:22:58.467,1,COL,"          ",0,"   ","                              ","                              ","  ",NULL,LB,"PK42MFK-FD               ",0,0,"NMCCRARY  ","   ",1900-01-01,1900-01-01,"TBOYETTE  "
2,-1,2,145,1,14584,54534,900,-1,9188,9189,9199,14585,14586,14604,13882,43,250,1,-2,101,116,-2,00010,CM,15,000,13.000,291790,291809,291791,"        CINC",0,00010,"MICHEM EMULSION 34935         ","                              ","     ",0,"  ",858437,"C ","Credit                        ","                    ","230392                        ","          ","NMCCRARY  ",2.000,00010,176604,SO,"     ",0.000,0,"  ","                              ",980,999,"        "," ",LB,LB,LB,TO,TO,1900-01-01,-1,2011-02-01,20110201,1900-01-01,-1,1900-01-01,-1,2011-01-03,20110103,2011-01-03,20110103,2011-01-03,20110103,2011-01-03,20110103,0.0000,0.0000,0.0000,1.2400,0.0000,0.4836,1.0100,1.0100,0.0000,-1.0000,0.0000,0.0000,-1.0000,-2600.0000,-1.0000,0.0000,0.0000,0.0000,"   ",USD,0.0000000,0.0000,0.0000,0.0000,0.0000,0.0000,Sales Detail,"00010,15,CM,13.000","00010,15,CM","GT4211A,15|CM|00010|13.000,1","GT4201A,15|CM|00010|,1",11,-2,-1,330,-1,0,D,USD,0.0100,1.0000000,0.4535971,2600.0000000,"       10220","       10220",,0.0000,0.0000,0.0000,13000,0.0000,0.0000,291791ME34935,291791ME34935,0.0000,N30,RET,"Return, NO restocking fee     ",0.0000,CSGTM,0,0.0000,2011-01-03,20110103,2011-01-03,20110103,2012-04-18,20120418,0.4119,0.0000,0.0000,1.2400,-3224.0000,0.0000,0.0000,1.0000,0.0000,0.0000,0.0000,0.0000,0.0000,-2600.0000,-2600.0000,0.0000,-2600.0000,0.0000,4,2026-05-09 03:22:58.467,1,"   ","          ",0,"   ","                              ","                              ","  ",NULL,LB,"ME34935-T3               ",0,0,"CALDERB   ","   ",1900-01-01,1900-01-01,"SCHED     "
2,2,2,145,220,2068,48611,1147,-1,1745,1745,5758,2444,2444,9113,2783,43,1,157,-2,72,116,-2,00010,CM,73,000,1.000,22572,204696,22572,"        CINC",0,00010,"MICHEMLUBE 160                ","                              ",00010,198829,RI,727963,"C ","Credit                        ","C0512               ","245566                        ","          ","NMCCRARY  ",0.000,"     ",0,"  ",00010,1.000,660,OM,"                              ",620,999,"        "," ",LB,LB,LB,PL,PL,1900-01-01,-1,1900-01-01,-1,2011-07-29,20110729,2011-07-29,20110729,2011-07-06,20110706,2011-07-06,20110706,2011-07-06,20110706,2011-07-06,20110706,-78.5400,-286.4000,-7.1600,2.3800,0.0000,0.9817,3.5800,3.5800,0.0000,0.0000,0.0000,0.0000,-2.0000,-80.0000,-2.0000,0.0000,-2.0000,-2.0000,"   ",USD,0.0000000,0.0000,0.0000,0.0000,0.0000,0.0000,Sales Detail,"00010,73,CM,1.000","00010,73,CM","GT4211A,73|CM|00010|1.000,1","GT4201A,73|CM|00010|,1",54,-2,-1,330,2783,0,D,USD,0.0100,1.0000000,0.4535971,40.0000000,"       10220","       10220",,0.0000,0.0000,0.0000,1000,0.0000,0.0000,22572ML160,22572ML160,0.0000,N30,RET,"Return, NO restocking fee     ",0.0000,CSGTM,0,0.0000,2011-07-06,20110706,2011-07-06,20110706,2011-07-29,20110729,0.0000,0.0000,0.0000,2.3800,-190.4000,-286.4000,0.0000,1.0000,0.0000,0.0000,0.0000,0.0000,-9.5923,-80.0000,-80.0000,0.0000,0.0000,-80.0000,4,2026-05-09 03:22:58.467,1,PPD,"          ",0,"   ","                              ","                              ","  ",NULL,LB,"ML160-PL                 ",0,0,"NMCCRARY  ","   ",1900-01-01,1900-01-01,"GKOHLS    "
2,-1,2,145,1,17525,56423,900,-1,9188,9190,9199,14585,14587,14604,13884,43,239,1,-2,101,116,-2,00010,CM,15,000,25.000,291790,291809,291792,"        CINC",0,00010,"MICHEM WOOD COAT 70 LV        ","                              ","     ",0,"  ",893751,"C ","Credit                        ","                    ","235696                        ","          ","NMCCRARY  ",3.000,00010,179931,S4,"     ",0.000,0,"  ","                              ",980,999,"        "," ",LB,LB,LB,DR,DR,1900-01-01,-1,2011-02-01,20110201,1900-01-01,-1,1900-01-01,-1,2011-01-03,20110103,2011-01-03,20110103,2011-01-03,20110103,2011-01-03,20110103,0.0000,0.0000,0.0000,1.8500,0.0000,0.7285,1.7000,1.7000,0.0000,-1.0000,0.0000,0.0000,-1.0000,-425.0000,-1.0000,0.0000,0.0000,0.0000,"   ",USD,0.0000000,0.0000,0.0000,0.0000,0.0000,0.0000,Sales Detail,"00010,15,CM,25.000","00010,15,CM","GT4211A,15|CM|00010|25.000,1","GT4201A,15|CM|00010|,1",11,-2,-1,330,13884,0,D,USD,0.0100,1.0000000,0.4535971,425.0000000,"       10220","       10220",,0.0000,0.0000,0.0000,25000,0.0000,0.0000,291792MWC70LV,291792MWC70LV,0.0000,N30,RET,"Return, NO restocking fee     ",0.0000,CSGTM,0,0.0000,2011-01-03,20110103,2011-01-03,20110103,2012-04-18,20120418,0.0000,0.0000,0.0000,1.8500,-786.2500,0.0000,0.0000,1.0000,0.0000,0.0000,0.0000,0.0000,0.0000,-425.0000,-425.0000,0.0000,-425.0000,0.0000,4,2026-05-09 03:22:58.467,1,"   ","          ",0,"   ","                              ","                              ","  ",NULL,LB,"MWC70LV-FD               ",0,0,"CALDERB   ","   ",1900-01-01,1900-01-01,"SCHED     "
2,2,2,145,220,14676,54599,1147,-1,1472,1472,5744,2171,2171,9100,2324,43,1,157,-2,72,116,-2,00010,CM,22,000,2.000,22273,204654,22273,"        CINC",0,00010,"MICHEMLUBE 743                ","                              ",00010,192544,RI,859341,"C ","Credit                        ","C0512               ","238292                        ","          ","AWILSON   ",0.000,"     ",0,"  ",00010,2.000,619,OM,"                              ",620,999,"        "," ",LB,LB,LB,TO,TO,1900-01-01,-1,1900-01-01,-1,2011-01-24,20110124,2011-01-24,20110124,2011-01-13,20110113,2011-01-13,20110113,2011-01-13,20110113,2011-01-13,20110113,-4791.2800,-10608.0000,-4.0800,1.3200,0.0000,0.4607,1.0200,1.0200,0.0000,0.0000,0.0000,0.0000,-4.0000,-10400.0000,-4.0000,0.0000,-4.0000,-4.0000,"   ",USD,0.0000000,0.0000,0.0000,0.0000,0.0000,0.0000,Sales Detail,"00010,22,CM,2.000","00010,22,CM","GT4211A,22|CM|00010|2.000,1","GT4201A,22|CM|00010|,1",16,-2,-1,330,2324,0,D,USD,0.0100,1.0000000,0.4535971,2600.0000000,"       10220","       10220",,0.0000,0.0000,0.0000,2000,0.0000,0.0000,22273ML743,22273ML743,0.0000,N60,002,"Returned Material (Acctg)     ",0.0000,CSGTM,0,0.0000,2011-01-13,20110113,2011-01-13,20110113,2011-01-24,20110124,0.0000,0.0000,0.0000,1.3200,-13728.0000,-10608.0000,0.0000,1.0000,0.0000,0.0000,0.0000,0.0000,-1320.0000,-10400.0000,-10400.0000,0.0000,0.0000,-10400.0000,4,2026-05-09 03:22:58.467,1,COL,"          ",0,"   ","                              ","                              ","  ",NULL,LB,"ML743-T3                 ",0,0,"AWILSON   ","   ",1900-01-01,1900-01-01,"TBOYETTE  "
2,-1,2,145,1,2039,48582,900,-1,9188,9189,9199,14585,14586,14604,13882,43,250,1,-2,101,116,-2,00010,CM,15,000,20.000,291790,291809,291791,"        CINC",0,00010,"MICHEMLUBE 135                ","                              ","     ",0,"  ",727648,"C ","Credit                        ","                    ","227372                        ","          ","NMCCRARY  ",10.000,00010,177350,SO,"     ",0.000,0,"  ","                              ",980,999,"        "," ",LB,LB,LB,DR,DR,1900-01-01,-1,2011-02-01,20110201,1900-01-01,-1,1900-01-01,-1,2011-01-03,20110103,2011-01-03,20110103,2011-01-03,20110103,2011-01-03,20110103,0.0000,0.0000,0.0000,1.2700,0.0000,0.4675,1.0400,1.0400,0.0000,-2.0000,0.0000,0.0000,-2.0000,-900.0000,-2.0000,0.0000,0.0000,0.0000,"   ",USD,0.0000000,0.0000,0.0000,0.0000,0.0000,0.0000,Sales Detail,"00010,15,CM,20.000","00010,15,CM","GT4211A,15|CM|00010|20.000,1","GT4201A,15|CM|00010|,1",11,-2,-1,330,-1,0,D,USD,0.0100,1.0000000,0.4535971,450.0000000,"       10220","       10220",,0.0000,0.0000,0.0000,20000,0.0000,0.0000,291791ML135,291791ML135,0.0000,N30,RET,"Return, NO restocking fee     ",0.0000,CSGTM,0,0.0000,2011-01-03,20110103,2011-01-03,20110103,2012-04-18,20120418,0.3891,0.0000,0.0000,1.2700,-1143.0000,0.0000,0.0000,1.0000,0.0000,0.0000,0.0000,0.0000,0.0000,-900.0000,-900.0000,0.0000,-900.0000,0.0000,4,2026-05-09 03:22:58.467,1,"   ","          ",0,"   ","                              ","                              ","  ",NULL,LB,"ML135-FD                 ",0,0,"CALDERB   ","   ",1900-01-01,1900-01-01,"SCHED     "
2,-1,2,145,1,11406,52377,900,-1,9188,9189,9199,14585,14586,14604,13882,43,250,1,-2,101,116,-2,00010,CM,15,000,14.000,291790,291809,291791,"        CINC",0,00010,"MICHEM EMULSION 48040M2       ","                              ","     ",0,"  ",825230,"C ","Credit                        ","                    ","229420                        ","          ","NMCCRARY  ",3.000,00010,176604,SO,"     ",0.000,0,"  ","                              ",980,999,"        "," ",LB,LB,LB,DR,DR,1900-01-01,-1,2011-02-01,20110201,1900-01-01,-1,1900-01-01,-1,2011-01-03,20110103,2011-01-03,20110103,2011-01-03,20110103,2011-01-03,20110103,0.0000,0.0000,0.0000,1.9500,0.0000,0.9740,1.7100,1.7100,0.0000,-1.0000,0.0000,0.0000,-1.0000,-470.0000,-1.0000,0.0000,0.0000,0.0000,"   ",USD,0.0000000,0.0000,0.0000,0.0000,0.0000,0.0000,Sales Detail,"00010,15,CM,14.000","00010,15,CM","GT4211A,15|CM|00010|14.000,1","GT4201A,15|CM|00010|,1",11,-2,-1,330,-1,0,D,USD,0.0100,1.0000000,0.4535971,470.0000000,"       10220","       10220",,0.0000,0.0000,0.0000,14000,0.0000,0.0000,291791ME48040M2,291791ME48040M2,0.0000,N30,RET,"Return, NO restocking fee     ",0.0000,CSGTM,0,0.0000,2011-01-03,20110103,2011-01-03,20110103,2012-04-18,20120418,0.8403,0.0000,0.0000,1.9500,-916.5000,0.0000,0.0000,1.0000,0.0000,0.0000,0.0000,0.0000,0.0000,-470.0000,-470.0000,0.0000,-470.0000,0.0000,4,2026-05-09 03:22:58.467,1,"   ","          ",0,"   ","                              ","                              ","  ",NULL,LB,"ME48040M2-FD             ",0,0,"CALDERB   ","   ",1900-01-01,1900-01-01,"SCHED     "
2,-1,2,145,1,10745,51998,900,-1,9188,9189,9199,14585,14586,14604,13882,43,250,1,-2,101,116,-2,00010,CM,15,000,5.000,291790,291809,291791,"        CINC",0,00010,"MICHEM EMULSION 61222         ","                              ","     ",0,"  ",818435,"C ","Credit                        ","                    ","212071                        ","          ","NMCCRARY  ",11.000,00010,165183,SO,"     ",0.000,0,"  ","                              ",980,999,"        "," ",LB,LB,LB,DR,DR,1900-01-01,-1,2011-02-01,20110201,1900-01-01,-1,1900-01-01,-1,2011-01-03,20110103,2011-01-03,20110103,2011-01-03,20110103,2011-01-03,20110103,0.0000,0.0000,0.0000,2.4300,0.0000,1.1800,2.2200,2.2200,0.0000,-1.0000,0.0000,0.0000,-1.0000,-450.0000,-1.0000,0.0000,0.0000,0.0000,"   ",USD,0.0000000,0.0000,0.0000,0.0000,0.0000,0.0000,Sales Detail,"00010,15,CM,5.000","00010,15,CM","GT4211A,15|CM|00010|5.000,1","GT4201A,15|CM|00010|,1",11,-2,-1,330,-1,0,D,USD,0.0100,1.0000000,0.4535971,450.0000000,"       10220","       10220",,0.0000,0.0000,0.0000,5000,0.0000,0.0000,291791ME61222,291791ME61222,0.0000,N30,RET,"Return, NO restocking fee     ",0.0000,CSGTM,0,0.0000,2011-01-03,20110103,2011-01-03,20110103,2012-04-18,20120418,0.9901,0.0000,0.0000,2.4300,-1093.5000,0.0000,0.0000,1.0000,0.0000,0.0000,0.0000,0.0000,0.0000,-450.0000,-450.0000,0.0000,-450.0000,0.0000,4,2026-05-09 03:22:58.467,1,"   ","          ",0,"   ","                              ","                              ","  ",NULL,LB,"ME61222-FD               ",0,0,"CALDERB   ","   ",1900-01-01,1900-01-01,"SCHED     "
2,-1,2,145,1,11406,52377,900,-1,9188,9189,9199,14585,14586,14604,13882,43,250,1,-2,101,116,-2,00010,CM,15,000,18.000,291790,291809,291791,"        CINC",0,00010,"MICHEM EMULSION 48040M2       ","                              ","     ",0,"  ",825230,"C ","Credit                        ","                    ","231800                        ","          ","NMCCRARY  ",14.000,00010,177350,SO,"     ",0.000,0,"  ","                              ",980,999,"        "," ",LB,LB,LB,DR,DR,1900-01-01,-1,2011-02-01,20110201,1900-01-01,-1,1900-01-01,-1,2011-01-03,20110103,2011-01-03,20110103,2011-01-03,20110103,2011-01-03,20110103,0.0000,0.0000,0.0000,1.9500,0.0000,0.9740,1.7100,1.7100,0.0000,-2.0000,0.0000,0.0000,-2.0000,-940.0000,-2.0000,0.0000,0.0000,0.0000,"   ",USD,0.0000000,0.0000,0.0000,0.0000,0.0000,0.0000,Sales Detail,"00010,15,CM,18.000","00010,15,CM","GT4211A,15|CM|00010|18.000,1","GT4201A,15|CM|00010|,1",11,-2,-1,330,-1,0,D,USD,0.0100,1.0000000,0.4535971,470.0000000,"       10220","       10220",,0.0000,0.0000,0.0000,18000,0.0000,0.0000,291791ME48040M2,291791ME48040M2,0.0000,N30,RET,"Return, NO restocking fee     ",0.0000,CSGTM,0,0.0000,2011-01-03,20110103,2011-01-03,20110103,2012-04-18,20120418,0.8403,0.0000,0.0000,1.9500,-1833.0000,0.0000,0.0000,1.0000,0.0000,0.0000,0.0000,0.0000,0.0000,-940.0000,-940.0000,0.0000,-940.0000,0.0000,4,2026-05-09 03:22:58.467,1,"   ","          ",0,"   ","                              ","                              ","  ",NULL,LB,"ME48040M2-FD             ",0,0,"CALDERB   ","   ",1900-01-01,1900-01-01,"SCHED     "
2,2,2,142,220,1789,9157,434,-1,3128,3128,3128,4627,4627,4627,5014,43,239,157,-2,72,116,-2,00010,CM,61,000,1.000,27254,27254,27254,"        CIN2",0,00010,"MICHEM EMULSION 39235         ","                              ",00010,197989,RI,725010,"C ","Credit                        ","F1                  ","240416                        ","          ","KMCGOOGIN ",0.000,"     ",185810,S4,00010,1.000,652,OM,"                              ",620,999,"        "," ",LB,LB,LB,PL,PL,1900-01-01,-1,1900-01-01,-1,2011-06-30,20110630,2011-06-30,20110630,2011-06-07,20110607,2011-06-07,20110607,2011-06-07,20110607,2011-06-07,20110607,-23.9300,-105.2000,-2.6300,1.4300,0.0000,0.5983,2.6300,2.6300,0.0000,0.0000,0.0000,0.0000,-1.0000,-40.0000,-1.0000,0.0000,-1.0000,-1.0000,"   ",USD,0.0000000,0.0000,0.0000,0.0000,0.0000,0.0000,Sales Detail,"00010,61,CM,1.000","00010,61,CM","GT4211A,61|CM|00010|1.000,1","GT4201A,61|CM|00010|,1",46,-2,-1,330,5014,0,D,USD,0.0100,1.0000000,0.4535971,40.0000000,"       10220","       10220",,0.0000,0.0000,0.0000,1000,0.0000,0.0000,27254ME39235,27254ME39235,0.0000,N30,008,"Order Entry                   ",0.0000,CSGTM,0,0.0000,2011-06-07,20110607,2011-06-07,20110607,2011-06-30,20110630,0.0000,0.0000,0.0000,1.4300,-57.2000,-105.2000,0.0000,1.0000,0.0000,0.0000,0.0000,0.0000,-4.7962,-40.0000,-40.0000,0.0000,0.0000,-40.0000,4,2026-05-09 03:22:58.467,1,PPD,"          ",26161,"   ","                              ","                              ","  ",NULL,LB,"ME39235-PL               ",0,0,"KMCGOOGIN ","   ",1900-01-01,1900-01-01,"TBOYETTE  "
2,-1,2,145,1,1866,48410,900,-1,9188,9189,9199,14585,14586,14604,13882,43,250,1,-2,101,116,-2,00010,CM,15,000,6.000,291790,291809,291791,"        CINC",0,00010,"MICHEM EMULSION 62330         ","                              ","     ",0,"  ",725861,"C ","Credit                        ","                    ","211910                        ","          ","NMCCRARY  ",9.000,00010,165183,SO,"     ",0.000,0,"  ","                              ",980,999,"        "," ",LB,LB,LB,DR,DR,1900-01-01,-1,2011-02-01,20110201,1900-01-01,-1,1900-01-01,-1,2011-01-03,20110103,2011-01-03,20110103,2011-01-03,20110103,2011-01-03,20110103,0.0000,0.0000,0.0000,1.3200,0.0000,0.4328,1.0800,1.0800,0.0000,-1.0000,0.0000,0.0000,-1.0000,-450.0000,-1.0000,0.0000,0.0000,0.0000,"   ",USD,0.0000000,0.0000,0.0000,0.0000,0.0000,0.0000,Sales Detail,"00010,15,CM,6.000","00010,15,CM","GT4211A,15|CM|00010|6.000,1","GT4201A,15|CM|00010|,1",11,-2,-1,330,-1,0,D,USD,0.0100,1.0000000,0.4535971,450.0000000,"       10220","       10220",,0.0000,0.0000,0.0000,6000,0.0000,0.0000,291791ME62330,291791ME62330,0.0000,N30,RET,"Return, NO restocking fee     ",0.0000,CSGTM,0,0.0000,2011-01-03,20110103,2011-01-03,20110103,2012-04-18,20120418,0.3021,0.0000,0.0000,1.3200,-594.0000,0.0000,0.0000,1.0000,0.0000,0.0000,0.0000,0.0000,0.0000,-450.0000,-450.0000,0.0000,-450.0000,0.0000,4,2026-05-09 03:22:58.467,1,"   ","          ",0,"   ","                              ","                              ","  ",NULL,LB,"ME62330-FD               ",0,0,"CALDERB   ","   ",1900-01-01,1900-01-01,"SCHED     "
2,2,2,145,220,2200,48743,1147,-1,9955,9955,5713,16173,16173,9069,15230,43,1,157,-2,72,116,-2,00010,CM,70,000,1.000,293476,204347,293476,"        CINC",0,00010,"MICHEM PRIME 4983-40R KOSHER  ","                              ",00010,197966,RI,729387,"C ","Credit                        ","C0512               ","244957                        ","          ","NMCCRARY  ",0.000,"     ",0,"  ",00010,1.000,657,OM,"                              ",620,999,"        "," ",LB,LB,LB,DR,DR,1900-01-01,-1,1900-01-01,-1,2011-06-30,20110630,2011-06-30,20110630,2011-06-22,20110622,2011-06-22,20110622,2011-06-22,20110622,2011-06-22,20110622,-2195.6400,-5157.0000,-11.4600,1.9100,0.0000,0.8132,1.9100,1.9100,0.0000,0.0000,0.0000,0.0000,-6.0000,-2700.0000,-6.0000,0.0000,-6.0000,-6.0000,"   ",USD,0.0000000,0.0000,0.0000,0.0000,0.0000,0.0000,Sales Detail,"00010,70,CM,1.000","00010,70,CM","GT4211A,70|CM|00010|1.000,1","GT4201A,70|CM|00010|,1",51,-2,-1,330,15230,0,D,USD,0.0100,1.0000000,0.4535971,450.0000000,"       10220","       10220",,0.0000,0.0000,0.0000,1000,0.0000,0.0000,293476MP498340R,293476MP498340R,0.0000,N30,RET,"Return, NO restocking fee     ",0.0000,CSGTM,0,0.0000,2011-06-22,20110622,2011-06-22,20110622,2011-06-30,20110630,0.0000,0.0000,0.0000,1.9100,-5157.0000,-5157.0000,0.0000,1.0000,0.0000,0.0000,0.0000,0.0000,-330.3480,-2700.0000,-2700.0000,0.0000,0.0000,-2700.0000,4,2026-05-09 03:22:58.467,1,PPA,"          ",0,"   ","                              ","                              ","  ",NULL,LB,"MP498340R-FD             ",0,0,"NMCCRARY  ","   ",1900-01-01,1900-01-01,"TBOYETTE  "
2,2,2,145,220,7707,50428,1147,-1,1527,9425,5754,2226,14979,9109,14288,43,1,157,-2,72,116,-2,00010,CM,128,000,1.000,22331,204689,292208,"        CINC",0,00010,"SMA1000HNA                    ","                              ",00010,200970,RI,786761,"C ","Credit                        ","C0512               ","MC1103211                     ","          ","KBENJAMIN ",0.000,"     ",0,"  ",00010,1.000,712,OM,"                              ",620,999,"        "," ",LB,LB,LB,DR,DR,1900-01-01,-1,1900-01-01,-1,2011-10-07,20111007,2011-10-07,20111007,2011-10-03,20111003,2011-10-03,20111003,2011-10-03,20111003,2011-10-03,20111003,-280.6400,-361.9000,-0.7700,0.9200,0.0000,0.5971,0.7700,0.7700,0.0000,0.0000,0.0000,0.0000,-1.0000,-470.0000,-1.0000,0.0000,-1.0000,-1.0000,"   ",USD,0.0000000,0.0000,0.0000,0.0000,0.0000,0.0000,Sales Detail,"00010,128,CM,1.000","00010,128,CM","GT4211A,128|CM|00010|1.000,1","GT4201A,128|CM|00010|,1",97,-2,-1,330,14288,0,D,USD,0.0100,1.0000000,0.4535971,470.0000000,"       10220","       10220",,0.0000,0.0000,0.0000,1000,0.0000,0.0000,292208SMA1000HNA,292208SMA1000HNA,0.0000,N30,RET,"Return, NO restocking fee     ",0.0000,CSGTM,0,0.0000,2011-10-03,20111003,2011-10-03,20111003,2011-10-07,20111007,0.0000,0.0000,0.0000,0.9200,-432.4000,-361.9000,0.0000,1.0000,0.0000,0.0000,0.0000,0.0000,-55.0000,-470.0000,-470.0000,0.0000,0.0000,-470.0000,4,2026-05-09 03:22:58.467,1,PPA,"          ",0,"   ","                              ","                              ","  ",NULL,LB,"SMA1000HNA-FD            ",0,0,"KBENJAMIN ","   ",1900-01-01,1900-01-01,"TBOYETTE  "
