_ODS Columns[TABLE_SCHEMA],_ODS Columns[TABLE_NAME],[Cols]
PRODDTA,F4211,SDKCOO:nchar|SDDOCO:int|SDDCTO:nchar|SDLNID:decimal|SDSFXO:nchar|SDMCU:nchar|SDCO:nchar|SDOKCO:nchar|SDOORN:nchar|SDOCTO:nchar|SDOGNO:decimal|SDRKCO:nchar|SDRORN:nchar|SDRCTO:nchar|SDRLLN:decimal|SDDMCT:nchar|SDDMCS:int|SDAN8:int|SDSHAN:int|SDPA8:int|SDDRQJ:int|SDTRDJ:int|SDPDDJ:int|SDADDJ:int|SDIVD:int|SDCNDJ:int|SDDGL:int|SDRSDJ:int|SDPEFJ:int|SDPPDJ:int|SDVR01:nvarchar|SDVR02:nvarchar|SDITM:int|SDLITM:nvarchar|SDAITM:nvarchar|SDLOCN:nvarchar|SDLOTN:nvarchar|SDFRGD:nchar|SDTHGD:nchar|SDFRMP:decimal|SDTHRP:decimal|SDEXDP:int|SDDSC1:nvarchar|SDDSC2:nvarchar|SDLNTY:nchar|SDNXTR:nchar|SDLTTR:nchar|SDEMCU:nchar|SDRLIT:nchar|SDKTLN:decimal|SDCPNT:decimal|SDRKIT:int|SDKTP:decimal|SDSRP1:nchar|SDSRP2:nchar|SDSRP3:nchar|SDSRP4:nchar|SDSRP5:nchar|SDPRP1:nchar|SDPRP2:nchar|SDPRP3:nchar|SDPRP4:nchar|SDPRP5:nchar|SDUOM:nchar|SDUORG:decimal|SDSOQS:decimal|SDSOBK:decimal|SDSOCN:decimal|SDSONE:decimal|SDUOPN:decimal|SDQTYT:decimal|SDQRLV:decimal|SDCOMM:nchar|SDOTQY:nchar|SDUPRC:decimal|SDAEXP:decimal|SDAOPN:decimal|SDPROV:nchar|SDTPC:nchar|SDAPUM:nchar|SDLPRC:decimal|SDUNCS:decimal|SDECST:decimal|SDCSTO:nchar|SDTCST:decimal|SDINMG:nchar|SDPTC:nchar|SDRYIN:nchar|SDDTBS:nchar|SDTRDC:decimal|SDFUN2:decimal|SDASN:nchar|SDPRGR:nchar|SDCLVL:nchar|SDCADC:decimal|SDKCO:nchar|SDDOC:int|SDDCT:nchar|SDODOC:int|SDODCT:nchar|SDOKC:nchar|SDPSN:int|SDDELN:int|SDTAX1:nchar|SDTXA1:nchar|SDEXR1:nchar|SDATXT:nchar|SDPRIO:nchar|SDRESL:nchar|SDBACK:nchar|SDSBAL:nchar|SDAPTS:nchar|SDLOB:nchar|SDEUSE:nchar|SDDTYS:nchar|SDNTR:nchar|SDVEND:int|SDCARS:int|SDMOT:nchar|SDROUT:nchar|SDSTOP:nchar|SDZON:nchar|SDCNID:nvarchar|SDFRTH:nchar|SDSHCM:nchar|SDSHCN:nchar|SDSERN:nvarchar|SDUOM1:nchar|SDPQOR:decimal|SDUOM2:nchar|SDSQOR:decimal|SDUOM4:nchar|SDITWT:decimal|SDWTUM:nchar|SDITVL:decimal|SDVLUM:nchar|SDRPRC:nchar|SDORPR:nchar|SDORP:nchar|SDCMGP:nchar|SDGLC:nchar|SDCTRY:int|SDFY:int|SDSO01:nchar|SDSO02:nchar|SDSO03:nchar|SDSO04:nchar|SDSO05:nchar|SDSO06:nchar|SDSO07:nchar|SDSO08:nchar|SDSO09:nchar|SDSO10:nchar|SDSO11:nchar|SDSO12:nchar|SDSO13:nchar|SDSO14:nchar|SDSO15:nchar|SDACOM:nchar|SDCMCG:nchar|SDRCD:nchar|SDGRWT:decimal|SDGWUM:nchar|SDSBL:nchar|SDSBLT:nchar|SDLCOD:nchar|SDUPC1:nchar|SDUPC2:nchar|SDUPC3:nchar|SDSWMS:nchar|SDUNCD:nchar|SDCRMD:nchar|SDCRCD:nchar|SDCRR:decimal|SDFPRC:decimal|SDFUP:decimal|SDFEA:decimal|SDFUC:decimal|SDFEC:decimal|SDURCD:nchar|SDURDT:int|SDURAT:decimal|SDURAB:int|SDURRF:nvarchar|SDTORG:nchar|SDUSER:nchar|SDPID:nchar|SDJOBN:nchar|SDUPMJ:int|SDTDAY:int|SDSO16:nchar|SDSO17:nchar|SDSO18:nchar|SDSO19:nchar|SDSO20:nchar|SDIR01:nvarchar|SDIR02:nvarchar|SDIR03:nvarchar|SDIR04:nvarchar|SDIR05:nvarchar|SDSOOR:decimal|SDVR03:nvarchar|SDDEID:decimal|SDPSIG:nvarchar|SDRLNU:nchar|SDPMDT:int|SDRLTM:int|SDRLDJ:int|SDDRQT:int|SDADTM:int|SDOPTT:int|SDPDTT:int|SDPSTM:int|SDXDCK:nchar|SDXPTY:decimal|SDDUAL:nchar|SDBSC:nchar|SDCBSC:nchar|SDCORD:int|SDDVAN:int|SDPEND:nchar|SDRFRV:nchar|SDMCLN:decimal|SDSHPN:int|SDRSDT:int|SDPRJM:int|SDOSEQ:int|SDMERL:nchar|SDHOLD:nchar|SDHDBU:nchar|SDDMBU:nchar|SDBCRC:nchar|SDODLN:decimal|SDOPDJ:int|SDXKCO:nchar|SDXORN:int|SDXCTO:nchar|SDXLLN:decimal|SDXSFX:nchar|SDPOE:nchar|SDPMTO:nchar|SDANBY:int|SDPMTN:nchar|SDNUMB:int|SDAAID:int|SDSPATTN:nvarchar|SDPRAN8:int|SDPRCIDLN:int|SDCCIDLN:int|SDSHCCIDLN:int|SDOPPID:decimal|SDOSTP:nchar|SDUKID:decimal|SDCATNM:nvarchar|SDALLOC:nchar|SDFULPID:decimal|SDALLSTS:nvarchar|SDOSCORE:decimal|SDOSCOREO:nchar|SDCMCO:nchar|SDKITID:decimal|SDKITAMTDOM:decimal|SDKITAMTFOR:decimal|SDKITDIRTY:nchar|SDOCITT:nchar|SDOCCARDNO:int|SDPMPN:nvarchar|SDPNS:decimal
PRODDTA,F42119,SDKCOO:nchar|SDDOCO:int|SDDCTO:nchar|SDLNID:decimal|SDSFXO:nchar|SDMCU:nchar|SDCO:nchar|SDOKCO:nchar|SDOORN:nchar|SDOCTO:nchar|SDOGNO:decimal|SDRKCO:nchar|SDRORN:nchar|SDRCTO:nchar|SDRLLN:decimal|SDDMCT:nchar|SDDMCS:int|SDAN8:int|SDSHAN:int|SDPA8:int|SDDRQJ:int|SDTRDJ:int|SDPDDJ:int|SDADDJ:int|SDIVD:int|SDCNDJ:int|SDDGL:int|SDRSDJ:int|SDPEFJ:int|SDPPDJ:int|SDVR01:nvarchar|SDVR02:nvarchar|SDITM:int|SDLITM:nvarchar|SDAITM:nvarchar|SDLOCN:nvarchar|SDLOTN:nvarchar|SDFRGD:nchar|SDTHGD:nchar|SDFRMP:decimal|SDTHRP:decimal|SDEXDP:int|SDDSC1:nvarchar|SDDSC2:nvarchar|SDLNTY:nchar|SDNXTR:nchar|SDLTTR:nchar|SDEMCU:nchar|SDRLIT:nchar|SDKTLN:decimal|SDCPNT:decimal|SDRKIT:int|SDKTP:decimal|SDSRP1:nchar|SDSRP2:nchar|SDSRP3:nchar|SDSRP4:nchar|SDSRP5:nchar|SDPRP1:nchar|SDPRP2:nchar|SDPRP3:nchar|SDPRP4:nchar|SDPRP5:nchar|SDUOM:nchar|SDUORG:decimal|SDSOQS:decimal|SDSOBK:decimal|SDSOCN:decimal|SDSONE:decimal|SDUOPN:decimal|SDQTYT:decimal|SDQRLV:decimal|SDCOMM:nchar|SDOTQY:nchar|SDUPRC:decimal|SDAEXP:decimal|SDAOPN:decimal|SDPROV:nchar|SDTPC:nchar|SDAPUM:nchar|SDLPRC:decimal|SDUNCS:decimal|SDECST:decimal|SDCSTO:nchar|SDTCST:decimal|SDINMG:nchar|SDPTC:nchar|SDRYIN:nchar|SDDTBS:nchar|SDTRDC:decimal|SDFUN2:decimal|SDASN:nchar|SDPRGR:nchar|SDCLVL:nchar|SDCADC:decimal|SDKCO:nchar|SDDOC:int|SDDCT:nchar|SDODOC:int|SDODCT:nchar|SDOKC:nchar|SDPSN:int|SDDELN:int|SDTAX1:nchar|SDTXA1:nchar|SDEXR1:nchar|SDATXT:nchar|SDPRIO:nchar|SDRESL:nchar|SDBACK:nchar|SDSBAL:nchar|SDAPTS:nchar|SDLOB:nchar|SDEUSE:nchar|SDDTYS:nchar|SDNTR:nchar|SDVEND:int|SDCARS:int|SDMOT:nchar|SDROUT:nchar|SDSTOP:nchar|SDZON:nchar|SDCNID:nvarchar|SDFRTH:nchar|SDSHCM:nchar|SDSHCN:nchar|SDSERN:nvarchar|SDUOM1:nchar|SDPQOR:decimal|SDUOM2:nchar|SDSQOR:decimal|SDUOM4:nchar|SDITWT:decimal|SDWTUM:nchar|SDITVL:decimal|SDVLUM:nchar|SDRPRC:nchar|SDORPR:nchar|SDORP:nchar|SDCMGP:nchar|SDGLC:nchar|SDCTRY:int|SDFY:int|SDSO01:nchar|SDSO02:nchar|SDSO03:nchar|SDSO04:nchar|SDSO05:nchar|SDSO06:nchar|SDSO07:nchar|SDSO08:nchar|SDSO09:nchar|SDSO10:nchar|SDSO11:nchar|SDSO12:nchar|SDSO13:nchar|SDSO14:nchar|SDSO15:nchar|SDACOM:nchar|SDCMCG:nchar|SDRCD:nchar|SDGRWT:decimal|SDGWUM:nchar|SDSBL:nchar|SDSBLT:nchar|SDLCOD:nchar|SDUPC1:nchar|SDUPC2:nchar|SDUPC3:nchar|SDSWMS:nchar|SDUNCD:nchar|SDCRMD:nchar|SDCRCD:nchar|SDCRR:decimal|SDFPRC:decimal|SDFUP:decimal|SDFEA:decimal|SDFUC:decimal|SDFEC:decimal|SDURCD:nchar|SDURDT:int|SDURAT:decimal|SDURAB:int|SDURRF:nvarchar|SDTORG:nchar|SDUSER:nchar|SDPID:nchar|SDJOBN:nchar|SDUPMJ:int|SDTDAY:int|SDSO16:nchar|SDSO17:nchar|SDSO18:nchar|SDSO19:nchar|SDSO20:nchar|SDIR01:nvarchar|SDIR02:nvarchar|SDIR03:nvarchar|SDIR04:nvarchar|SDIR05:nvarchar|SDSOOR:decimal|SDVR03:nvarchar|SDDEID:decimal|SDPSIG:nvarchar|SDRLNU:nchar|SDPMDT:int|SDRLTM:int|SDRLDJ:int|SDDRQT:int|SDADTM:int|SDOPTT:int|SDPDTT:int|SDPSTM:int|SDXDCK:nchar|SDXPTY:decimal|SDDUAL:nchar|SDBSC:nchar|SDCBSC:nchar|SDCORD:int|SDDVAN:int|SDPEND:nchar|SDRFRV:nchar|SDMCLN:decimal|SDSHPN:int|SDRSDT:int|SDPRJM:int|SDOSEQ:int|SDMERL:nchar|SDHOLD:nchar|SDHDBU:nchar|SDDMBU:nchar|SDBCRC:nchar|SDODLN:decimal|SDOPDJ:int|SDXKCO:nchar|SDXORN:int|SDXCTO:nchar|SDXLLN:decimal|SDXSFX:nchar|SDPOE:nchar|SDPMTO:nchar|SDANBY:int|SDPMTN:nchar|SDNUMB:int|SDAAID:int|SDSPATTN:nvarchar|SDPRAN8:int|SDPRCIDLN:int|SDCCIDLN:int|SDSHCCIDLN:int|SDOPPID:decimal|SDOSTP:nchar|SDUKID:decimal|SDCATNM:nvarchar|SDALLOC:nchar|SDFULPID:decimal|SDALLSTS:nvarchar|SDOSCORE:decimal|SDOSCOREO:nchar|SDCMCO:nchar|SDKITID:decimal|SDKITAMTDOM:decimal|SDKITAMTFOR:decimal|SDKITDIRTY:nchar|SDOCITT:nchar|SDOCCARDNO:int|SDPMPN:nvarchar|SDPNS:decimal
PRODDTA,F41002,UMMCU:nchar|UMITM:int|UMUM:nchar|UMRUM:nchar|UMUSTR:nchar|UMCONV:decimal|UMCNV1:decimal|UMUSER:nchar|UMPID:nchar|UMJOBN:nchar|UMUPMJ:int|UMTDAY:int|UMEXPO:nchar|UMEXSO:nchar|UMPUPC:decimal|UMSEPC:decimal
PRODDTA,F4101,IMITM:int|IMLITM:nchar|IMAITM:nchar|IMDSC1:nvarchar|IMDSC2:nvarchar|IMSRTX:nvarchar|IMALN:nvarchar|IMSRP1:nchar|IMSRP2:nchar|IMSRP3:nchar|IMSRP4:nchar|IMSRP5:nchar|IMSRP6:nchar|IMSRP7:nchar|IMSRP8:nchar|IMSRP9:nchar|IMSRP0:nchar|IMPRP1:nchar|IMPRP2:nchar|IMPRP3:nchar|IMPRP4:nchar|IMPRP5:nchar|IMPRP6:nchar|IMPRP7:nchar|IMPRP8:nchar|IMPRP9:nchar|IMPRP0:nchar|IMCDCD:nvarchar|IMPDGR:nchar|IMDSGP:nchar|IMPRGR:nchar|IMRPRC:nchar|IMORPR:nchar|IMBUYR:int|IMDRAW:nvarchar|IMRVNO:nchar|IMDSZE:nchar|IMVCUD:decimal|IMCARS:int|IMCARP:int|IMSHCN:nchar|IMSHCM:nchar|IMUOM1:nchar|IMUOM2:nchar|IMUOM3:nchar|IMUOM4:nchar|IMUOM6:nchar|IMUOM8:nchar|IMUOM9:nchar|IMUWUM:nchar|IMUVM1:nchar|IMSUTM:nchar|IMUMVW:nchar|IMCYCL:nchar|IMGLPT:nchar|IMPLEV:nchar|IMPPLV:nchar|IMCLEV:nchar|IMPRPO:nchar|IMCKAV:nchar|IMBPFG:nchar|IMSRCE:nchar|IMOT1Y:nchar|IMOT2Y:nchar|IMSTDP:int|IMFRMP:int|IMTHRP:int|IMSTDG:nchar|IMFRGD:nchar|IMTHGD:nchar|IMCOTY:nchar|IMSTKT:nchar|IMLNTY:nchar|IMCONT:nchar|IMBACK:nchar|IMIFLA:nchar|IMTFLA:nchar|IMINMG:nchar|IMABCS:nchar|IMABCM:nchar|IMABCI:nchar|IMOVR:nchar|IMWARR:nchar|IMCMCG:nchar|IMSRNR:nchar|IMPMTH:nchar|IMFIFO:nchar|IMLOTS:nchar|IMSLD:int|IMANPL:int|IMMPST:nchar|IMPCTM:decimal|IMMMPC:decimal|IMPTSC:nchar|IMSNS:nchar|IMLTLV:int|IMLTMF:int|IMLTCM:int|IMOPC:nchar|IMOPV:decimal|IMACQ:decimal|IMMLQ:decimal|IMLTPU:decimal|IMMPSP:nchar|IMMRPP:nchar|IMITC:nchar|IMORDW:nchar|IMMTF1:int|IMMTF2:int|IMMTF3:int|IMMTF4:int|IMMTF5:int|IMEXPD:int|IMDEFD:int|IMSFLT:int|IMMAKE:nchar|IMCOBY:nchar|IMLLX:int|IMCMGL:nchar|IMCOMH:int|IMURCD:nchar|IMURDT:int|IMURAT:decimal|IMURAB:int|IMURRF:nvarchar|IMUSER:nchar|IMPID:nchar|IMJOBN:nchar|IMUPMJ:int|IMTDAY:int|IMUPCN:nvarchar|IMSCC0:nvarchar|IMUMUP:nchar|IMUMDF:nchar|IMUMS0:nchar|IMUMS1:nchar|IMUMS2:nchar|IMUMS3:nchar|IMUMS4:nchar|IMUMS5:nchar|IMUMS6:nchar|IMUMS7:nchar|IMUMS8:nchar|IMPOC:nchar|IMAVRT:decimal|IMEQTY:nchar|IMWTRQ:nchar|IMTMPL:nvarchar|IMSEG1:nchar|IMSEG2:nchar|IMSEG3:nchar|IMSEG4:nchar|IMSEG5:nchar|IMSEG6:nchar|IMSEG7:nchar|IMSEG8:nchar|IMSEG9:nchar|IMSEG0:nchar|IMMIC:nchar|IMAING:nchar|IMBBDD:int|IMCMDM:nchar|IMLECM:nchar|IMLEDD:int|IMPEFD:int|IMSBDD:int|IMU1DD:int|IMU2DD:int|IMU3DD:int|IMU4DD:int|IMU5DD:int|IMDLTL:decimal|IMDPPO:nchar|IMDUAL:nchar|IMXDCK:nchar|IMLAF:nchar|IMLTFM:nchar|IMRWLA:nchar|IMLNPA:nchar|IMLOTC:nchar|IMAPSC:nchar|IMAUOM:nchar|IMCONB:nchar|IMGCMP:nchar|IMPRI1:decimal|IMPRI2:decimal|IMASHL:nchar|IMVMINV:nchar|IMCMETH:nchar|IMEXPI:nchar|IMOPTH:decimal|IMCUTH:decimal|IMUMTH:nchar|IMLMFG:nchar|IMLINE:nchar|IMDFTPCT:decimal|IMKBIT:nchar|IMDFENDITM:nchar|IMKANEXLL:nchar|IMSCPSELL:nchar|IMMOPTH:decimal|IMMCUTH:decimal|IMCUMTH:nchar|IMATPRN:nvarchar|IMATPCA:nchar|IMATPAC:nchar|IMCOORE:nchar|IMVCPFC:nvarchar|IMPNYN:nchar
PRODDTA,F4102,IBITM:int|IBLITM:nchar|IBAITM:nchar|IBMCU:nchar|IBSRP1:nchar|IBSRP2:nchar|IBSRP3:nchar|IBSRP4:nchar|IBSRP5:nchar|IBSRP6:nchar|IBSRP7:nchar|IBSRP8:nchar|IBSRP9:nchar|IBSRP0:nchar|IBPRP1:nchar|IBPRP2:nchar|IBPRP3:nchar|IBPRP4:nchar|IBPRP5:nchar|IBPRP6:nchar|IBPRP7:nchar|IBPRP8:nchar|IBPRP9:nchar|IBPRP0:nchar|IBCDCD:nvarchar|IBPDGR:nchar|IBDSGP:nchar|IBVEND:int|IBANPL:int|IBBUYR:int|IBGLPT:nchar|IBORIG:nchar|IBROPI:decimal|IBROQI:decimal|IBRQMX:decimal|IBRQMN:decimal|IBWOMO:int|IBSERV:decimal|IBSAFE:decimal|IBSLD:int|IBCKAV:nchar|IBSRCE:nchar|IBLOTS:nchar|IBOT1Y:nchar|IBOT2Y:nchar|IBSTDP:decimal|IBFRMP:decimal|IBTHRP:decimal|IBSTDG:nchar|IBFRGD:nchar|IBTHGD:nchar|IBCOTY:nchar|IBMMPC:decimal|IBPRGR:nchar|IBRPRC:nchar|IBORPR:nchar|IBBACK:nchar|IBIFLA:nchar|IBABCS:nchar|IBABCM:nchar|IBABCI:nchar|IBOVR:nchar|IBSHCM:nchar|IBCARS:int|IBCARP:int|IBSHCN:nchar|IBSTKT:nchar|IBLNTY:nchar|IBFIFO:nchar|IBCYCL:nchar|IBINMG:nchar|IBWARR:nchar|IBSRNR:nchar|IBPCTM:decimal|IBCMCG:nchar|IBFUF1:nchar|IBTX:nchar|IBTAX1:nchar|IBMPST:nchar|IBMRPD:nchar|IBMRPC:nchar|IBUPC:decimal|IBSNS:nchar|IBMERL:nchar|IBLTLV:int|IBLTMF:int|IBLTCM:int|IBOPC:nchar|IBOPV:decimal|IBACQ:decimal|IBMLQ:decimal|IBLTPU:decimal|IBMPSP:nchar|IBMRPP:nchar|IBITC:nchar|IBECO:nchar|IBECTY:nchar|IBECOD:int|IBMTF1:int|IBMTF2:int|IBMTF3:int|IBMTF4:int|IBMTF5:int|IBMOVD:decimal|IBQUED:decimal|IBSETL:decimal|IBSRNK:decimal|IBSRKF:nchar|IBTIMB:nchar|IBBQTY:decimal|IBORDW:nchar|IBEXPD:int|IBDEFD:int|IBMULT:decimal|IBSFLT:int|IBMAKE:nchar|IBLFDJ:int|IBLLX:int|IBCMGL:nchar|IBURCD:nchar|IBURDT:int|IBURAT:decimal|IBURAB:int|IBURRF:nvarchar|IBUSER:nchar|IBPID:nchar|IBJOBN:nchar|IBUPMJ:int|IBTDAY:int|IBTFLA:nchar|IBCOMH:int|IBAVRT:decimal|IBPOC:nchar|IBAING:nchar|IBBBDD:int|IBCMDM:nchar|IBLECM:nchar|IBLEDD:int|IBMLOT:nchar|IBPEFD:int|IBSBDD:int|IBU1DD:int|IBU2DD:int|IBU3DD:int|IBU4DD:int|IBU5DD:int|IBXDCK:nchar|IBLAF:nchar|IBLTFM:nchar|IBRWLA:nchar|IBLNPA:nchar|IBLOTC:nchar|IBAPSC:nchar|IBPRI1:decimal|IBPRI2:decimal|IBLTCV:decimal|IBASHL:nchar|IBOPTH:decimal|IBCUTH:decimal|IBUMTH:nchar|IBLMFG:nchar|IBLINE:nchar|IBDFTPCT:decimal|IBKBIT:nchar|IBDFENDITM:nchar|IBKANEXLL:nchar|IBSCPSELL:nchar|IBMOPTH:decimal|IBMCUTH:decimal|IBCUMTH:nchar|IBATPRN:nvarchar|IBATPCA:nchar|IBATPAC:nchar|IBCOORE:nchar|IBVCPFC:nvarchar|IBPNYN:nchar
PRODDTA,F41021,LIITM:int|LIMCU:nchar|LILOCN:nchar|LILOTN:nchar|LIPBIN:nchar|LIGLPT:nchar|LILOTS:nchar|LILRCJ:int|LIPQOH:decimal|LIPBCK:decimal|LIPREQ:decimal|LIQWBO:decimal|LIOT1P:decimal|LIOT2P:decimal|LIOT1A:decimal|LIHCOM:decimal|LIPCOM:decimal|LIFCOM:decimal|LIFUN1:decimal|LIQOWO:decimal|LIQTTR:decimal|LIQTIN:decimal|LIQONL:decimal|LIQTRI:decimal|LIQTRO:decimal|LINCDJ:int|LIQTY1:decimal|LIQTY2:decimal|LIURAB:int|LIURRF:nvarchar|LIURAT:decimal|LIURCD:nchar|LIJOBN:nchar|LIPID:nchar|LIUPMJ:int|LIUSER:nchar|LITDAY:int|LIURDT:int|LIQTO1:decimal|LIQTO2:decimal|LIHCMS:decimal|LIPJCM:decimal|LIPJDM:decimal|LISCMS:decimal|LISIBW:decimal|LISOBW:decimal|LISQOH:decimal|LISQWO:decimal|LISREQ:decimal|LISWHC:decimal|LISWSC:decimal|LICHDF:nchar|LIWPDF:nchar|LICFGSID:nvarchar
PRODDTA,F4311,PDKCOO:nchar|PDDOCO:int|PDDCTO:nchar|PDSFXO:nchar|PDLNID:decimal|PDMCU:nchar|PDCO:nchar|PDOKCO:nchar|PDOORN:nchar|PDOCTO:nchar|PDOGNO:decimal|PDRKCO:nchar|PDRORN:nchar|PDRCTO:nchar|PDRLLN:decimal|PDDMCT:nchar|PDDMCS:int|PDBALU:nchar|PDAN8:int|PDSHAN:int|PDDRQJ:int|PDTRDJ:int|PDPDDJ:int|PDOPDJ:int|PDADDJ:int|PDCNDJ:int|PDPEFJ:int|PDPPDJ:int|PDPSDJ:int|PDDSVJ:int|PDDGL:int|PDPN:int|PDVR01:nvarchar|PDVR02:nvarchar|PDITM:int|PDLITM:nvarchar|PDAITM:nvarchar|PDLOCN:nvarchar|PDLOTN:nvarchar|PDFRGD:nchar|PDTHGD:nchar|PDFRMP:decimal|PDTHRP:decimal|PDDSC1:nvarchar|PDDSC2:nvarchar|PDLNTY:nchar|PDNXTR:nchar|PDLTTR:nchar|PDRLIT:nchar|PDPDS1:nchar|PDPDS2:nchar|PDPDS3:nchar|PDPDS4:nchar|PDPDS5:nchar|PDPDP1:nchar|PDPDP2:nchar|PDPDP3:nchar|PDPDP4:nchar|PDPDP5:nchar|PDUOM:nchar|PDUORG:decimal|PDUCHG:decimal|PDUOPN:decimal|PDUREC:decimal|PDCREC:decimal|PDURLV:decimal|PDOTQY:nchar|PDPRRC:decimal|PDAEXP:decimal|PDACHG:decimal|PDAOPN:decimal|PDAREC:decimal|PDARLV:decimal|PDFTN1:decimal|PDTRLV:decimal|PDPROV:nchar|PDAMC3:decimal|PDECST:decimal|PDCSTO:nchar|PDCSMP:nchar|PDINMG:nchar|PDASN:nchar|PDPRGR:nchar|PDCLVL:nchar|PDCATN:nchar|PDDSPR:decimal|PDPTC:nchar|PDTX:nchar|PDEXR1:nchar|PDTXA1:nchar|PDATXT:nchar|PDCNID:nvarchar|PDCDCD:nvarchar|PDNTR:nchar|PDFRTH:nchar|PDFRTC:nchar|PDZON:nchar|PDFRAT:nchar|PDRATT:nchar|PDANBY:int|PDANCR:int|PDMOT:nchar|PDCOT:nchar|PDSHCM:nchar|PDSHCN:nchar|PDUOM1:nchar|PDPQOR:decimal|PDUOM2:nchar|PDSQOR:decimal|PDUOM3:nchar|PDITWT:decimal|PDWTUM:nchar|PDITVL:decimal|PDVLUM:nchar|PDGLC:nchar|PDCTRY:int|PDFY:int|PDSTTS:nchar|PDRCD:nchar|PDFUF1:nchar|PDFUF2:nchar|PDGRWT:decimal|PDGWUM:nchar|PDLT:nchar|PDANI:nvarchar|PDAID:nchar|PDOMCU:nchar|PDOBJ:nchar|PDSUB:nchar|PDSBLT:nchar|PDSBL:nchar|PDASID:nvarchar|PDCCMP:int|PDTAG:nchar|PDWR01:nchar|PDPL:nchar|PDELEV:nchar|PDR001:nchar|PDRTNR:nchar|PDLCOD:nchar|PDPURG:nchar|PDPROM:nchar|PDFNLP:nchar|PDAVCH:nchar|PDPRPY:nchar|PDUNCD:nchar|PDMATY:nchar|PDRTGC:nchar|PDRCPF:nchar|PDPS01:nchar|PDPS02:nchar|PDPS03:nchar|PDPS04:nchar|PDPS05:nchar|PDPS06:nchar|PDPS07:nchar|PDPS08:nchar|PDPS09:nchar|PDPS10:nchar|PDCRMD:nchar|PDARTG:nchar|PDCORD:int|PDCHDT:nchar|PDDOCC:int|PDCHLN:decimal|PDCRCD:nchar|PDCRR:decimal|PDFRRC:decimal|PDFEA:decimal|PDFUC:decimal|PDFEC:decimal|PDFCHG:decimal|PDFAP:decimal|PDFREC:decimal|PDURCD:nchar|PDURDT:int|PDURAT:decimal|PDURAB:int|PDURRF:nvarchar|PDTORG:nchar|PDUSER:nchar|PDPID:nchar|PDJOBN:nchar|PDUPMJ:int|PDTDAY:int|PDVR05:nvarchar|PDVR04:nvarchar|PDSHPN:int|PDRSHT:int|PDPRJM:int|PDOSFX:nchar|PDMERL:nchar|PDMCLN:decimal|PDMACT:nchar|PDKTLN:decimal|PDFTRL:decimal|PDDUAL:nchar|PDDRQT:int|PDDLEJ:int|PDCTAM:decimal|PDCPNT:decimal|PDCHT:int|PDCHRT:int|PDCHRS:nchar|PDCHMJ:int|PDBCRC:nchar|PDVR03:nvarchar|PDLDNM:int|PDMKFR:int|PDPMTN:nchar|PDUKID:decimal|PDUNSPSC:nchar|PDCMDCDE:nvarchar|PDRSFX:nchar|PDWVID:int|PDCNTRTID:int|PDCNTRTDID:decimal|PDMOADJ:nchar|PDPODC01:nchar|PDPODC02:nchar|PDPODC03:nchar|PDPODC04:nchar|PDJBCD:nchar|PDSRQTY:decimal|PDSRUOM:nchar|PDCFGFL:nchar|PDPMPN:nvarchar|PDPNS:decimal
PRODCTL,F0005,DRSY:nchar|DRRT:nchar|DRKY:nchar|DRDL01:nvarchar|DRDL02:nvarchar|DRSPHD:nchar|DRUDCO:nchar|DRHRDC:nchar|DRUSER:nchar|DRPID:nchar|DRUPMJ:int|DRJOBN:nchar|DRUPMT:int
PRODDTA,F4801,WADCTO:nchar|WADOCO:int|WASFXO:nchar|WARCTO:nchar|WARORN:nchar|WALNID:decimal|WAPTWO:int|WAPARS:nchar|WATYPS:nchar|WAPRTS:nchar|WADL01:nvarchar|WASTCM:nvarchar|WACO:nchar|WAMCU:nchar|WAMMCU:nchar|WALOCN:nvarchar|WAAISL:nchar|WABIN:nchar|WASRST:nchar|WADCG:int|WASUB:nchar|WAAN8:int|WAANO:int|WAANSA:int|WAANPA:int|WAANP:int|WADPL:int|WAANT:int|WANAN8:int|WATRDJ:int|WASTRT:int|WADRQJ:int|WASTRX:int|WADAP:int|WADAT:int|WAPPDT:int|WAWR01:nchar|WAWR02:nchar|WAWR03:nchar|WAWR04:nchar|WAWR05:nchar|WAWR06:nchar|WAWR07:nchar|WAWR08:nchar|WAWR09:nchar|WAWR10:nchar|WAVR01:nvarchar|WAVR02:nvarchar|WAAMTO:decimal|WASETC:decimal|WABRT:decimal|WAPAYT:nchar|WAAMTC:decimal|WAHRSO:decimal|WAHRSC:decimal|WAAMTA:decimal|WAHRSA:decimal|WAITM:int|WAAITM:nvarchar|WALITM:nvarchar|WANUMB:int|WAAPID:nchar|WAUORG:decimal|WASOBK:decimal|WASOCN:decimal|WASOQS:decimal|WAQTYT:decimal|WAUOM:nchar|WASHNO:nchar|WAPBTM:int|WATBM:nchar|WATRT:nchar|WASHTY:nchar|WAPEC:nchar|WAPPFG:nchar|WABM:nchar|WARTG:nchar|WASPRT:nchar|WAUNCD:nchar|WAINDC:nchar|WARESC:decimal|WAMOH:decimal|WATDT:int|WAPOU:decimal|WAPC:decimal|WALTLV:decimal|WALTCM:decimal|WACTS1:decimal|WALOTN:nvarchar|WALOTP:decimal|WALOTG:nchar|WARAT1:decimal|WARAT2:decimal|WADCT:nchar|WASBLI:nchar|WARKCO:nchar|WABREV:nchar|WARREV:nchar|WADRWC:nchar|WARTCH:nchar|WAPNRQ:nchar|WAREAS:nchar|WAPHSE:nchar|WAXDSP:nchar|WABOMC:nchar|WAURCD:nchar|WAURDT:int|WAURAT:decimal|WAURAB:decimal|WAURRF:nvarchar|WAUSER:nchar|WAPID:nchar|WAJOBN:nchar|WAUPMJ:int|WATDAY:int|WAAAID:int|WANTST:nchar|WAXRTO:decimal|WAESDN:decimal|WAACDN:decimal|WASAID:int|WAMPOS:decimal|WAAPRT:nchar|WAAMLC:decimal|WAAMMC:decimal|WAAMOT:decimal|WALBAM:decimal|WAMTAM:decimal
PRODDTA,F0010,CCCO:nchar|CCNAME:nvarchar|CCALTC:nvarchar|CCDFYJ:int|CCPNC:int|CCDOT1:nchar|CCCRYR:nchar|CCCRYC:nchar|CCDOT2:nchar|CCMCUA:nchar|CCMCUD:nchar|CCMCUC:nchar|CCMCUB:nchar|CCDPRC:nchar|CCBKTX:nchar|CCTXBM:int|CCTXBO:int|CCNWXJ:int|CCGLIE:nchar|CCABIN:nchar|CCCALD:nchar|CCDTPN:nchar|CCPNF:int|CCDFF:int|CCCRCD:nchar|CCSMI:nchar|CCSMU:nchar|CCSMS:nchar|CCDNLT:nchar|CCSTMT:nchar|CCATCS:nchar|CCALGM:nchar|CCAGEM:nchar|CCCRDY:int|CCAGR1:int|CCAGR2:int|CCAGR3:int|CCAGR4:int|CCAGR5:int|CCAGR6:int|CCAGR7:int|CCFRY:int|CCFRP:int|CCNNP:int|CCFP:decimal|CCAGE:nchar|CCDAG:int|CCARPN:int|CCAPPN:int|CCARFJ:int|CCAPFJ:int|CCAN8:int|CCSGBK:nvarchar|CCPTCO:nchar|CCX1:nchar|CCX2:nchar|CCUSER:nchar|CCPID:nchar|CCUPMJ:int|CCJOBN:nchar|CCUPMT:int|CCTSID:int|CCTSCO:nchar|CCTHCO:nchar|CCAN8C:int
PRODDTA,F42199,SLKCOO:nchar|SLDOCO:int|SLDCTO:nchar|SLLNID:decimal|SLSFXO:nchar|SLMCU:nchar|SLCO:nchar|SLOKCO:nchar|SLOORN:nchar|SLOCTO:nchar|SLOGNO:decimal|SLRKCO:nchar|SLRORN:nchar|SLRCTO:nchar|SLRLLN:decimal|SLDMCT:nchar|SLDMCS:int|SLAN8:int|SLSHAN:int|SLPA8:int|SLDRQJ:int|SLTRDJ:int|SLPDDJ:int|SLADDJ:int|SLIVD:int|SLCNDJ:int|SLDGL:int|SLRSDJ:int|SLPEFJ:int|SLPPDJ:int|SLVR01:nvarchar|SLVR02:nvarchar|SLITM:int|SLLITM:nvarchar|SLAITM:nvarchar|SLLOCN:nvarchar|SLLOTN:nvarchar|SLFRGD:nchar|SLTHGD:nchar|SLFRMP:decimal|SLTHRP:decimal|SLEXDP:decimal|SLDSC1:nvarchar|SLDSC2:nvarchar|SLLNTY:nchar|SLNXTR:nchar|SLLTTR:nchar|SLEMCU:nchar|SLRLIT:nchar|SLKTLN:decimal|SLCPNT:decimal|SLRKIT:decimal|SLKTP:decimal|SLSRP1:nchar|SLSRP2:nchar|SLSRP3:nchar|SLSRP4:nchar|SLSRP5:nchar|SLPRP1:nchar|SLPRP2:nchar|SLPRP3:nchar|SLPRP4:nchar|SLPRP5:nchar|SLUOM:nchar|SLUORG:decimal|SLSOQS:decimal|SLSOBK:decimal|SLSOCN:decimal|SLSONE:decimal|SLUOPN:decimal|SLQTYT:decimal|SLQRLV:decimal|SLCOMM:nchar|SLOTQY:nchar|SLUPRC:decimal|SLAEXP:decimal|SLAOPN:decimal|SLPROV:nchar|SLTPC:nchar|SLAPUM:nchar|SLLPRC:decimal|SLUNCS:decimal|SLECST:decimal|SLCSTO:nchar|SLTCST:decimal|SLINMG:nchar|SLPTC:nchar|SLRYIN:nchar|SLDTBS:nchar|SLTRDC:decimal|SLFUN2:decimal|SLASN:nchar|SLPRGR:nchar|SLCLVL:nchar|SLCADC:decimal|SLKCO:nchar|SLDOC:int|SLDCT:nchar|SLODOC:int|SLODCT:nchar|SLOKC:nchar|SLPSN:int|SLDELN:int|SLTAX1:nchar|SLTXA1:nchar|SLEXR1:nchar|SLATXT:nchar|SLPRIO:nchar|SLRESL:nchar|SLBACK:nchar|SLSBAL:nchar|SLAPTS:nchar|SLLOB:nchar|SLEUSE:nchar|SLDTYS:nchar|SLNTR:nchar|SLVEND:decimal|SLCARS:decimal|SLMOT:nchar|SLROUT:nchar|SLSTOP:nchar|SLZON:nchar|SLCNID:nvarchar|SLFRTH:nchar|SLSHCM:nchar|SLSHCN:nchar|SLSERN:nvarchar|SLUOM1:nchar|SLPQOR:decimal|SLUOM2:nchar|SLSQOR:decimal|SLUOM4:nchar|SLITWT:decimal|SLWTUM:nchar|SLITVL:decimal|SLVLUM:nchar|SLRPRC:nchar|SLORPR:nchar|SLORP:nchar|SLCMGP:nchar|SLGLC:nchar|SLCTRY:int|SLFY:decimal|SLSO01:nchar|SLSO02:nchar|SLSO03:nchar|SLSO04:nchar|SLSO05:nchar|SLSO06:nchar|SLSO07:nchar|SLSO08:nchar|SLSO09:nchar|SLSO10:nchar|SLSO11:nchar|SLSO12:nchar|SLSO13:nchar|SLSO14:nchar|SLSO15:nchar|SLACOM:nchar|SLCMCG:nchar|SLRCD:nchar|SLGRWT:decimal|SLGWUM:nchar|SLSBL:nchar|SLSBLT:nchar|SLLCOD:nchar|SLUPC1:nchar|SLUPC2:nchar|SLUPC3:nchar|SLSWMS:nchar|SLUNCD:nchar|SLCRMD:nchar|SLCRCD:nchar|SLCRR:decimal|SLFPRC:decimal|SLFUP:decimal|SLFEA:decimal|SLFUC:decimal|SLFEC:decimal|SLURCD:nchar|SLURDT:int|SLURAT:decimal|SLURAB:decimal|SLURRF:nvarchar|SLTORG:nchar|SLUSER:nchar|SLPID:nchar|SLJOBN:nchar|SLUPMJ:int|SLTDAY:int|SLSO16:nchar|SLSO17:nchar|SLSO18:nchar|SLSO19:nchar|SLSO20:nchar|SLIR01:nvarchar|SLIR02:nvarchar|SLIR03:nvarchar|SLIR04:nvarchar|SLIR05:nvarchar|SLSOOR:decimal|SLVR03:nvarchar|SLDEID:decimal|SLPSIG:nvarchar|SLRLNU:nchar|SLPMDT:int|SLRLTM:int|SLRLDJ:int|SLDRQT:int|SLADTM:int|SLOPTT:int|SLPDTT:int|SLPSTM:int|SLXDCK:nchar|SLXPTY:decimal|SLDUAL:nchar|SLBSC:nchar|SLCBSC:nchar|SLCORD:int|SLDVAN:decimal|SLPEND:nchar|SLRFRV:nchar|SLMCLN:decimal|SLSHPN:int|SLRSDT:int|SLPRJM:decimal|SLOSEQ:decimal|SLMERL:nchar|SLHOLD:nchar|SLHDBU:nchar|SLDMBU:nchar|SLBCRC:nchar|SLODLN:decimal|SLOPDJ:int|SLXKCO:nchar|SLXORN:int|SLXCTO:nchar|SLXLLN:decimal|SLXSFX:nchar|SLPOE:nchar|SLPMTO:nchar|SLANBY:int|SLPMTN:nchar|SLNUMB:int|SLAAID:int|SLPRAN8:decimal|SLSPATTN:nvarchar|SLPRCIDLN:decimal|SLCCIDLN:decimal|SLSHCCIDLN:decimal|SLOPPID:decimal|SLOSTP:nchar|SLUKID:decimal|SLCATNM:nvarchar|SLALLOC:nchar|SLFULPID:decimal|SLALLSTS:nvarchar|SLOSCORE:decimal|SLOSCOREO:nchar|SLCMCO:nchar|SLKITID:decimal|SLKITAMTDOM:decimal|SLKITAMTFOR:decimal|SLKITDIRTY:nchar|SLOCITT:nchar|SLOCCARDNO:decimal|SLPMPN:nvarchar|SLPNS:decimal
PRODDTA,F0101,ABAN8:int|ABALKY:nvarchar|ABTAX:nvarchar|ABALPH:nvarchar|ABDC:nvarchar|ABMCU:nchar|ABSIC:nchar|ABLNGP:nchar|ABAT1:nchar|ABCM:nchar|ABTAXC:nchar|ABAT2:nchar|ABAT3:nchar|ABAT4:nchar|ABAT5:nchar|ABATP:nchar|ABATR:nchar|ABATPR:nchar|ABAB3:nchar|ABATE:nchar|ABSBLI:nchar|ABEFTB:int|ABAN81:int|ABAN82:int|ABAN83:int|ABAN84:int|ABAN86:int|ABAN85:int|ABAC01:nchar|ABAC02:nchar|ABAC03:nchar|ABAC04:nchar|ABAC05:nchar|ABAC06:nchar|ABAC07:nchar|ABAC08:nchar|ABAC09:nchar|ABAC10:nchar|ABAC11:nchar|ABAC12:nchar|ABAC13:nchar|ABAC14:nchar|ABAC15:nchar|ABAC16:nchar|ABAC17:nchar|ABAC18:nchar|ABAC19:nchar|ABAC20:nchar|ABAC21:nchar|ABAC22:nchar|ABAC23:nchar|ABAC24:nchar|ABAC25:nchar|ABAC26:nchar|ABAC27:nchar|ABAC28:nchar|ABAC29:nchar|ABAC30:nchar|ABGLBA:nchar|ABPTI:int|ABPDI:int|ABMSGA:nchar|ABRMK:nvarchar|ABTXCT:nvarchar|ABTX2:nvarchar|ABALP1:nvarchar|ABURCD:nchar|ABURDT:int|ABURAT:decimal|ABURAB:int|ABURRF:nvarchar|ABUSER:nchar|ABPID:nchar|ABUPMJ:int|ABJOBN:nchar|ABUPMT:int|ABPRGF:nchar|ABSCCLTP:nchar|ABTICKER:nchar|ABEXCHG:nchar|ABDUNS:nvarchar|ABCLASS01:nchar|ABCLASS02:nchar|ABCLASS03:nchar|ABCLASS04:nchar|ABCLASS05:nchar|ABNOE:decimal|ABGROWTHR:int|ABYEARSTAR:nvarchar|ABAEMPGP:nchar|ABACTIN:nchar|ABREVRNG:nchar|ABSYNCS:int|ABPERRS:int|ABCAAD:int
PRODDTA,F0006,MCMCU:nchar|MCSTYL:nchar|MCDC:nvarchar|MCLDM:nchar|MCCO:nchar|MCAN8:int|MCAN8O:int|MCCNTY:nchar|MCADDS:nchar|MCFMOD:nchar|MCDL01:nvarchar|MCDL02:nvarchar|MCDL03:nvarchar|MCDL04:nvarchar|MCRP01:nchar|MCRP02:nchar|MCRP03:nchar|MCRP04:nchar|MCRP05:nchar|MCRP06:nchar|MCRP07:nchar|MCRP08:nchar|MCRP09:nchar|MCRP10:nchar|MCRP11:nchar|MCRP12:nchar|MCRP13:nchar|MCRP14:nchar|MCRP15:nchar|MCRP16:nchar|MCRP17:nchar|MCRP18:nchar|MCRP19:nchar|MCRP20:nchar|MCRP21:nchar|MCRP22:nchar|MCRP23:nchar|MCRP24:nchar|MCRP25:nchar|MCRP26:nchar|MCRP27:nchar|MCRP28:nchar|MCRP29:nchar|MCRP30:nchar|MCTA:nchar|MCTXJS:int|MCTXA1:nchar|MCEXR1:nchar|MCTC01:nchar|MCTC02:nchar|MCTC03:nchar|MCTC04:nchar|MCTC05:nchar|MCTC06:nchar|MCTC07:nchar|MCTC08:nchar|MCTC09:nchar|MCTC10:nchar|MCND01:nchar|MCND02:nchar|MCND03:nchar|MCND04:nchar|MCND05:nchar|MCND06:nchar|MCND07:nchar|MCND08:nchar|MCND09:nchar|MCND10:nchar|MCCC01:nchar|MCCC02:nchar|MCCC03:nchar|MCCC04:nchar|MCCC05:nchar|MCCC06:nchar|MCCC07:nchar|MCCC08:nchar|MCCC09:nchar|MCCC10:nchar|MCPECC:nchar|MCALS:nchar|MCISS:nchar|MCGLBA:nchar|MCALCL:nchar|MCLMTH:nchar|MCLF:decimal|MCOBJ1:nchar|MCOBJ2:nchar|MCOBJ3:nchar|MCSUB1:nchar|MCTOU:decimal|MCSBLI:nchar|MCANPA:int|MCCT:nchar|MCCERT:nchar|MCMCUS:nchar|MCBTYP:nchar|MCPC:decimal|MCPCA:decimal|MCPCC:decimal|MCINTA:nchar|MCINTL:nchar|MCD1J:int|MCD2J:int|MCD3J:int|MCD4J:int|MCD5J:int|MCD6J:int|MCFPDJ:int|MCCAC:decimal|MCPAC:decimal|MCEEO:nchar|MCERC:nchar|MCUSER:nchar|MCPID:nchar|MCUPMJ:int|MCJOBN:nchar|MCUPMT:int|MCBPTP:nvarchar|MCAPSB:nchar|MCTSBU:nchar|MCRP31:nchar|MCRP32:nchar|MCRP33:nchar|MCRP34:nchar|MCRP35:nchar|MCRP36:nchar|MCRP37:nchar|MCRP38:nchar|MCRP39:nchar|MCRP40:nchar|MCRP41:nchar|MCRP42:nchar|MCRP43:nchar|MCRP44:nchar|MCRP45:nchar|MCRP46:nchar|MCRP47:nchar|MCRP48:nchar|MCRP49:nchar|MCRP50:nchar|MCAN8GCA1:int|MCAN8GCA2:int|MCAN8GCA3:int|MCAN8GCA4:int|MCAN8GCA5:int|MCRMCU1:nchar|MCDOCO:int|MCPCTN:int|MCCLNU:int|MCBUCA:nchar|MCADJENT:nchar|MCUAFL:nchar
PRODDTA,F0116,ALAN8:int|ALEFTB:int|ALEFTF:nchar|ALADD1:nvarchar|ALADD2:nvarchar|ALADD3:nvarchar|ALADD4:nvarchar|ALADDZ:nchar|ALCTY1:nvarchar|ALCOUN:nvarchar|ALADDS:nchar|ALCRTE:nchar|ALBKML:nchar|ALCTR:nchar|ALUSER:nchar|ALPID:nchar|ALUPMJ:int|ALJOBN:nchar|ALUPMT:int|ALSYNCS:decimal|ALCAAD:decimal
PRODDTA,F554101,IMITM:int|IMLITM:nchar|IMBULK:nvarchar|IMGBLK:nvarchar|IMEDATE:datetime2|IMTORG:nvarchar|IMUSER:nchar|IMPID:nchar|IMJOBN:nchar|IMUPMJ:int|IMTDAY:int|ROWID:nchar
PRODDTA,F0111,WWAN8:int|WWIDLN:decimal|WWDSS5:decimal|WWMLNM:nvarchar|WWATTL:nvarchar|WWREM1:nvarchar|WWSLNM:nvarchar|WWALPH:nvarchar|WWDC:nvarchar|WWGNNM:nvarchar|WWMDNM:nvarchar|WWSRNM:nvarchar|WWTYC:nchar|WWW001:nchar|WWW002:nchar|WWW003:nchar|WWW004:nchar|WWW005:nchar|WWW006:nchar|WWW007:nchar|WWW008:nchar|WWW009:nchar|WWW010:nchar|WWMLN1:nvarchar|WWALP1:nvarchar|WWUSER:nchar|WWPID:nchar|WWUPMJ:int|WWJOBN:nchar|WWUPMT:int|WWNTYP:nchar|WWNICK:nvarchar|WWGEND:nchar|WWDDATE:int|WWDMON:int|WWDYR:decimal|WWWN001:nchar|WWWN002:nchar|WWWN003:nchar|WWWN004:nchar|WWWN005:nchar|WWWN006:nchar|WWWN007:nchar|WWWN008:nchar|WWWN009:nchar|WWWN010:nchar|WWFUCO:nchar|WWPCM:nchar|WWPCF:nchar|WWACTIN:nchar|WWCFRGUID:nvarchar|WWSYNCS:decimal|WWCAAD:decimal
PRODDTA,F4201,SHKCOO:nchar|SHDOCO:int|SHDCTO:nchar|SHSFXO:nchar|SHMCU:nchar|SHCO:nchar|SHOKCO:nchar|SHOORN:nchar|SHOCTO:nchar|SHRKCO:nchar|SHRORN:nchar|SHRCTO:nchar|SHAN8:int|SHSHAN:int|SHPA8:int|SHDRQJ:int|SHTRDJ:int|SHPDDJ:int|SHOPDJ:int|SHADDJ:int|SHCNDJ:int|SHPEFJ:int|SHPPDJ:int|SHVR01:nvarchar|SHVR02:nvarchar|SHDEL1:nvarchar|SHDEL2:nvarchar|SHINMG:nchar|SHPTC:nchar|SHRYIN:nchar|SHASN:nchar|SHPRGP:nchar|SHTRDC:decimal|SHPCRT:decimal|SHTXA1:nchar|SHEXR1:nchar|SHTXCT:nvarchar|SHATXT:nchar|SHPRIO:nchar|SHBACK:nchar|SHSBAL:nchar|SHHOLD:nchar|SHPLST:nchar|SHINVC:int|SHNTR:nchar|SHANBY:int|SHCARS:int|SHMOT:nchar|SHCOT:nchar|SHROUT:nchar|SHSTOP:nchar|SHZON:nchar|SHCNID:nvarchar|SHFRTH:nchar|SHAFT:nchar|SHFUF1:nchar|SHFRTC:nchar|SHMORD:nchar|SHRCD:nchar|SHFUF2:nchar|SHOTOT:decimal|SHTOTC:decimal|SHWUMD:nchar|SHVUMD:nchar|SHAUTN:nchar|SHCACT:nvarchar|SHCEXP:int|SHSBLI:nchar|SHCRMD:nchar|SHCRRM:nchar|SHCRCD:nchar|SHCRR:decimal|SHLNGP:nchar|SHFAP:decimal|SHFCST:decimal|SHORBY:nchar|SHTKBY:nchar|SHURCD:nchar|SHURDT:int|SHURAT:decimal|SHURAB:int|SHURRF:nvarchar|SHUSER:nchar|SHPID:nchar|SHJOBN:nchar|SHUPMJ:int|SHTDAY:int|SHIR01:nvarchar|SHIR02:nvarchar|SHIR03:nvarchar|SHIR04:nvarchar|SHIR05:nvarchar|SHVR03:nvarchar|SHSOOR:decimal|SHPMDT:int|SHRSDT:int|SHRQSJ:int|SHPSTM:int|SHPDTT:int|SHOPTT:int|SHDRQT:int|SHADTM:int|SHADLJ:int|SHPBAN:int|SHITAN:int|SHFTAN:int|SHDVAN:int|SHDOC1:int|SHDCT4:nchar|SHCORD:int|SHBSC:nchar|SHBCRC:nchar|SHAUFT:nchar|SHAUFI:nchar|SHOPBO:nvarchar|SHOPTC:decimal|SHOPLD:int|SHOPBK:decimal|SHOPSB:decimal|SHOPPS:nvarchar|SHOPPL:nchar|SHOPMS:nchar|SHOPSS:nchar|SHOPBA:nchar|SHOPLL:nchar|SHPRAN8:int|SHOPPID:decimal|SHSDATTN:nvarchar|SHSPATTN:nvarchar|SHOTIND:nchar|SHPRCIDLN:int|SHCCIDLN:int|SHSHCCIDLN:int
PRODDTA,F42140,CMAN8:int|CMCO:nchar|CMCMLN:decimal|CMSLSM:int|CMSLCM:decimal|CMFCA:decimal|CMAPUN:decimal|CMCCTY:nchar|CMOWNFLG:nchar|CMRTYPE:nchar|CMSTMBDT:datetime|CMSTMEDT:datetime|CMCOMMYN:nchar|CMUSER:nchar|CMJOBN:nchar|CMMKEY:nvarchar|CMENTDBY:int|CMEDATE:datetime|CMUDTTM:datetime|CMPID:nchar|CMVID:nchar|CMEFFS:nchar
PRODDTA,F3002,IXTBM:nchar|IXKIT:int|IXKITL:nvarchar|IXKITA:nvarchar|IXMMCU:nchar|IXITM:int|IXLITM:nvarchar|IXAITM:nvarchar|IXCMCU:nchar|IXCPNT:decimal|IXSBNT:decimal|IXPRTA:nchar|IXQNTY:decimal|IXUM:nchar|IXBQTY:decimal|IXUOM:nchar|IXFVBT:nchar|IXEFFF:int|IXEFFT:int|IXFSER:nvarchar|IXTSER:nvarchar|IXITC:nchar|IXFTRC:nchar|IXOPTK:nchar|IXFORV:nchar|IXCSTM:nchar|IXCSMP:nchar|IXORDW:nchar|IXFORQ:nchar|IXCOBY:nchar|IXCOTY:nchar|IXFRMP:decimal|IXTHRP:decimal|IXFRGD:nchar|IXTHGD:nchar|IXOPSQ:decimal|IXBSEQ:decimal|IXFTRP:decimal|IXF$RP:decimal|IXRSCP:decimal|IXSCRP:decimal|IXREWP:decimal|IXASIP:decimal|IXCPYP:decimal|IXSTPP:decimal|IXLOVD:decimal|IXECO:nchar|IXECTY:nchar|IXECOD:int|IXDSC1:nvarchar|IXLNTY:nchar|IXPRIC:decimal|IXUNCS:decimal|IXPCTK:decimal|IXSHNO:nchar|IXOMCU:nchar|IXOBJ:nchar|IXSUB:nchar|IXBREV:nchar|IXCMRV:nchar|IXRVNO:nchar|IXUUPG:int|IXURCD:nchar|IXURDT:int|IXURAT:decimal|IXURRF:nvarchar|IXURAB:decimal|IXUSER:nchar|IXPID:nchar|IXJOBN:nchar|IXUPMJ:int|IXTDAY:int|IXAING:nchar|IXSUCO:decimal|IXSTRC:decimal|IXENDC:decimal|IXAPSC:nchar|IXCPNB:decimal|IXBSEQAN:nchar|IXBCHAR:nchar|IXBOSTR:nchar
PRODDTA,F3111,WMDOCO:int|WMDCTO:nchar|WMSFXO:nchar|WMTBM:nchar|WMFORQ:nchar|WMITC:nchar|WMCOBY:nchar|WMCOTY:nchar|WMCPNT:decimal|WMFRMP:decimal|WMTHRP:decimal|WMFRGD:nchar|WMTHGD:nchar|WMRKCO:nchar|WMRORN:nchar|WMRCTO:nchar|WMRLLN:decimal|WMOPSQ:decimal|WMBSEQ:decimal|WMRSCP:decimal|WMSCRP:decimal|WMREWP:decimal|WMASIP:decimal|WMCPYP:decimal|WMSTPP:decimal|WMLOVD:decimal|WMCPIT:int|WMCPIL:nvarchar|WMCPIA:nvarchar|WMCMCU:nchar|WMDSC1:nvarchar|WMDSC2:nvarchar|WMLOCN:nvarchar|WMLOTN:nvarchar|WMAN8:int|WMLNTY:nchar|WMSERN:nvarchar|WMTRDJ:int|WMDRQJ:int|WMUORG:decimal|WMTRQT:decimal|WMSOCN:decimal|WMSOBK:decimal|WMCTS1:decimal|WMQNTA:decimal|WMUM:nchar|WMEA:decimal|WMRTG:nchar|WMMTST:nchar|WMDCT:nchar|WMSHNO:nchar|WMMCU:nchar|WMOMCU:nchar|WMOBJ:nchar|WMSUB:nchar|WMCMRV:nchar|WMSTRX:int|WMPARS:nchar|WMCOMM:nchar|WMURCD:nchar|WMURDT:int|WMURAT:decimal|WMURRF:nvarchar|WMURAB:decimal|WMUSER:nchar|WMPID:nchar|WMJOBN:nchar|WMUPMJ:int|WMTDAY:int|WMUKID:decimal|WMVEND:decimal|WMPOC:nchar|WMCTS4:decimal|WMCTS7:decimal|WMCTS8:decimal|WMGLD:int|WMSBFL:nchar|WMAING:nchar|WMSSTQ:decimal|WMUOM2:nchar|WMAPSC:nchar|WMPSN:int|WMDLEJ:int|WMCOST:nchar|WMCHPP:nchar|WMCPNB:decimal|WMBSEQAN:nchar
PRODDTA,F42119_ARCH,SDKCOO:nchar|SDDOCO:int|SDDCTO:nchar|SDLNID:decimal|SDSFXO:nchar|SDMCU:nchar|SDCO:nchar|SDOKCO:nchar|SDOORN:nchar|SDOCTO:nchar|SDOGNO:decimal|SDRKCO:nchar|SDRORN:nchar|SDRCTO:nchar|SDRLLN:decimal|SDDMCT:nchar|SDDMCS:int|SDAN8:int|SDSHAN:int|SDPA8:int|SDDRQJ:int|SDTRDJ:int|SDPDDJ:int|SDADDJ:int|SDIVD:int|SDCNDJ:int|SDDGL:int|SDRSDJ:int|SDPEFJ:int|SDPPDJ:int|SDVR01:nvarchar|SDVR02:nvarchar|SDITM:int|SDLITM:nvarchar|SDAITM:nvarchar|SDLOCN:nvarchar|SDLOTN:nvarchar|SDFRGD:nchar|SDTHGD:nchar|SDFRMP:decimal|SDTHRP:decimal|SDEXDP:int|SDDSC1:nvarchar|SDDSC2:nvarchar|SDLNTY:nchar|SDNXTR:nchar|SDLTTR:nchar|SDEMCU:nchar|SDRLIT:nchar|SDKTLN:decimal|SDCPNT:decimal|SDRKIT:int|SDKTP:decimal|SDSRP1:nchar|SDSRP2:nchar|SDSRP3:nchar|SDSRP4:nchar|SDSRP5:nchar|SDPRP1:nchar|SDPRP2:nchar|SDPRP3:nchar|SDPRP4:nchar|SDPRP5:nchar|SDUOM:nchar|SDUORG:decimal|SDSOQS:decimal|SDSOBK:decimal|SDSOCN:decimal|SDSONE:decimal|SDUOPN:decimal|SDQTYT:decimal|SDQRLV:decimal|SDCOMM:nchar|SDOTQY:nchar|SDUPRC:decimal|SDAEXP:decimal|SDAOPN:decimal|SDPROV:nchar|SDTPC:nchar|SDAPUM:nchar|SDLPRC:decimal|SDUNCS:decimal|SDECST:decimal|SDCSTO:nchar|SDTCST:decimal|SDINMG:nchar|SDPTC:nchar|SDRYIN:nchar|SDDTBS:nchar|SDTRDC:decimal|SDFUN2:decimal|SDASN:nchar|SDPRGR:nchar|SDCLVL:nchar|SDCADC:decimal|SDKCO:nchar|SDDOC:int|SDDCT:nchar|SDODOC:int|SDODCT:nchar|SDOKC:nchar|SDPSN:int|SDDELN:int|SDTAX1:nchar|SDTXA1:nchar|SDEXR1:nchar|SDATXT:nchar|SDPRIO:nchar|SDRESL:nchar|SDBACK:nchar|SDSBAL:nchar|SDAPTS:nchar|SDLOB:nchar|SDEUSE:nchar|SDDTYS:nchar|SDNTR:nchar|SDVEND:int|SDCARS:int|SDMOT:nchar|SDROUT:nchar|SDSTOP:nchar|SDZON:nchar|SDCNID:nvarchar|SDFRTH:nchar|SDSHCM:nchar|SDSHCN:nchar|SDSERN:nvarchar|SDUOM1:nchar|SDPQOR:decimal|SDUOM2:nchar|SDSQOR:decimal|SDUOM4:nchar|SDITWT:decimal|SDWTUM:nchar|SDITVL:decimal|SDVLUM:nchar|SDRPRC:nchar|SDORPR:nchar|SDORP:nchar|SDCMGP:nchar|SDGLC:nchar|SDCTRY:int|SDFY:int|SDSO01:nchar|SDSO02:nchar|SDSO03:nchar|SDSO04:nchar|SDSO05:nchar|SDSO06:nchar|SDSO07:nchar|SDSO08:nchar|SDSO09:nchar|SDSO10:nchar|SDSO11:nchar|SDSO12:nchar|SDSO13:nchar|SDSO14:nchar|SDSO15:nchar|SDACOM:nchar|SDCMCG:nchar|SDRCD:nchar|SDGRWT:decimal|SDGWUM:nchar|SDSBL:nchar|SDSBLT:nchar|SDLCOD:nchar|SDUPC1:nchar|SDUPC2:nchar|SDUPC3:nchar|SDSWMS:nchar|SDUNCD:nchar|SDCRMD:nchar|SDCRCD:nchar|SDCRR:decimal|SDFPRC:decimal|SDFUP:decimal|SDFEA:decimal|SDFUC:decimal|SDFEC:decimal|SDURCD:nchar|SDURDT:int|SDURAT:decimal|SDURAB:int|SDURRF:nvarchar|SDTORG:nchar|SDUSER:nchar|SDPID:nchar|SDJOBN:nchar|SDUPMJ:int|SDTDAY:int|SDSO16:nchar|SDSO17:nchar|SDSO18:nchar|SDSO19:nchar|SDSO20:nchar|SDIR01:nvarchar|SDIR02:nvarchar|SDIR03:nvarchar|SDIR04:nvarchar|SDIR05:nvarchar|SDSOOR:decimal|SDVR03:nvarchar|SDDEID:decimal|SDPSIG:nvarchar|SDRLNU:nchar|SDPMDT:int|SDRLTM:int|SDRLDJ:int|SDDRQT:int|SDADTM:int|SDOPTT:int|SDPDTT:int|SDPSTM:int|SDXDCK:nchar|SDXPTY:decimal|SDDUAL:nchar|SDBSC:nchar|SDCBSC:nchar|SDCORD:int|SDDVAN:int|SDPEND:nchar|SDRFRV:nchar|SDMCLN:decimal|SDSHPN:int|SDRSDT:int|SDPRJM:int|SDOSEQ:int|SDMERL:nchar|SDHOLD:nchar|SDHDBU:nchar|SDDMBU:nchar|SDBCRC:nchar|SDODLN:decimal|SDOPDJ:int|SDXKCO:nchar|SDXORN:int|SDXCTO:nchar|SDXLLN:decimal|SDXSFX:nchar|SDPOE:nchar|SDPMTO:nchar|SDANBY:int|SDPMTN:nchar|SDNUMB:int|SDAAID:int|SDSPATTN:nvarchar|SDPRAN8:int|SDPRCIDLN:int|SDCCIDLN:int|SDSHCCIDLN:int|SDOPPID:decimal|SDOSTP:nchar|SDUKID:decimal|SDCATNM:nvarchar|SDALLOC:nchar|SDFULPID:decimal|SDALLSTS:nvarchar|SDOSCORE:decimal|SDOSCOREO:nchar|SDCMCO:nchar|SDKITID:decimal|SDKITAMTDOM:decimal|SDKITAMTFOR:decimal|SDKITDIRTY:nchar|SDOCITT:nchar|SDOCCARDNO:int|SDPMPN:nvarchar|SDPNS:decimal
PRODDTA,F4211_ARCH,SDKCOO:nchar|SDDOCO:int|SDDCTO:nchar|SDLNID:decimal|SDSFXO:nchar|SDMCU:nchar|SDCO:nchar|SDOKCO:nchar|SDOORN:nchar|SDOCTO:nchar|SDOGNO:decimal|SDRKCO:nchar|SDRORN:nchar|SDRCTO:nchar|SDRLLN:decimal|SDDMCT:nchar|SDDMCS:int|SDAN8:int|SDSHAN:int|SDPA8:int|SDDRQJ:int|SDTRDJ:int|SDPDDJ:int|SDADDJ:int|SDIVD:int|SDCNDJ:int|SDDGL:int|SDRSDJ:int|SDPEFJ:int|SDPPDJ:int|SDVR01:nvarchar|SDVR02:nvarchar|SDITM:int|SDLITM:nvarchar|SDAITM:nvarchar|SDLOCN:nvarchar|SDLOTN:nvarchar|SDFRGD:nchar|SDTHGD:nchar|SDFRMP:decimal|SDTHRP:decimal|SDEXDP:int|SDDSC1:nvarchar|SDDSC2:nvarchar|SDLNTY:nchar|SDNXTR:nchar|SDLTTR:nchar|SDEMCU:nchar|SDRLIT:nchar|SDKTLN:decimal|SDCPNT:decimal|SDRKIT:int|SDKTP:decimal|SDSRP1:nchar|SDSRP2:nchar|SDSRP3:nchar|SDSRP4:nchar|SDSRP5:nchar|SDPRP1:nchar|SDPRP2:nchar|SDPRP3:nchar|SDPRP4:nchar|SDPRP5:nchar|SDUOM:nchar|SDUORG:decimal|SDSOQS:decimal|SDSOBK:decimal|SDSOCN:decimal|SDSONE:decimal|SDUOPN:decimal|SDQTYT:decimal|SDQRLV:decimal|SDCOMM:nchar|SDOTQY:nchar|SDUPRC:decimal|SDAEXP:decimal|SDAOPN:decimal|SDPROV:nchar|SDTPC:nchar|SDAPUM:nchar|SDLPRC:decimal|SDUNCS:decimal|SDECST:decimal|SDCSTO:nchar|SDTCST:decimal|SDINMG:nchar|SDPTC:nchar|SDRYIN:nchar|SDDTBS:nchar|SDTRDC:decimal|SDFUN2:decimal|SDASN:nchar|SDPRGR:nchar|SDCLVL:nchar|SDCADC:decimal|SDKCO:nchar|SDDOC:int|SDDCT:nchar|SDODOC:int|SDODCT:nchar|SDOKC:nchar|SDPSN:int|SDDELN:int|SDTAX1:nchar|SDTXA1:nchar|SDEXR1:nchar|SDATXT:nchar|SDPRIO:nchar|SDRESL:nchar|SDBACK:nchar|SDSBAL:nchar|SDAPTS:nchar|SDLOB:nchar|SDEUSE:nchar|SDDTYS:nchar|SDNTR:nchar|SDVEND:int|SDCARS:int|SDMOT:nchar|SDROUT:nchar|SDSTOP:nchar|SDZON:nchar|SDCNID:nvarchar|SDFRTH:nchar|SDSHCM:nchar|SDSHCN:nchar|SDSERN:nvarchar|SDUOM1:nchar|SDPQOR:decimal|SDUOM2:nchar|SDSQOR:decimal|SDUOM4:nchar|SDITWT:decimal|SDWTUM:nchar|SDITVL:decimal|SDVLUM:nchar|SDRPRC:nchar|SDORPR:nchar|SDORP:nchar|SDCMGP:nchar|SDGLC:nchar|SDCTRY:int|SDFY:int|SDSO01:nchar|SDSO02:nchar|SDSO03:nchar|SDSO04:nchar|SDSO05:nchar|SDSO06:nchar|SDSO07:nchar|SDSO08:nchar|SDSO09:nchar|SDSO10:nchar|SDSO11:nchar|SDSO12:nchar|SDSO13:nchar|SDSO14:nchar|SDSO15:nchar|SDACOM:nchar|SDCMCG:nchar|SDRCD:nchar|SDGRWT:decimal|SDGWUM:nchar|SDSBL:nchar|SDSBLT:nchar|SDLCOD:nchar|SDUPC1:nchar|SDUPC2:nchar|SDUPC3:nchar|SDSWMS:nchar|SDUNCD:nchar|SDCRMD:nchar|SDCRCD:nchar|SDCRR:decimal|SDFPRC:decimal|SDFUP:decimal|SDFEA:decimal|SDFUC:decimal|SDFEC:decimal|SDURCD:nchar|SDURDT:int|SDURAT:decimal|SDURAB:int|SDURRF:nvarchar|SDTORG:nchar|SDUSER:nchar|SDPID:nchar|SDJOBN:nchar|SDUPMJ:int|SDTDAY:int|SDSO16:nchar|SDSO17:nchar|SDSO18:nchar|SDSO19:nchar|SDSO20:nchar|SDIR01:nvarchar|SDIR02:nvarchar|SDIR03:nvarchar|SDIR04:nvarchar|SDIR05:nvarchar|SDSOOR:decimal|SDVR03:nvarchar|SDDEID:decimal|SDPSIG:nvarchar|SDRLNU:nchar|SDPMDT:int|SDRLTM:int|SDRLDJ:int|SDDRQT:int|SDADTM:int|SDOPTT:int|SDPDTT:int|SDPSTM:int|SDXDCK:nchar|SDXPTY:decimal|SDDUAL:nchar|SDBSC:nchar|SDCBSC:nchar|SDCORD:int|SDDVAN:int|SDPEND:nchar|SDRFRV:nchar|SDMCLN:decimal|SDSHPN:int|SDRSDT:int|SDPRJM:int|SDOSEQ:int|SDMERL:nchar|SDHOLD:nchar|SDHDBU:nchar|SDDMBU:nchar|SDBCRC:nchar|SDODLN:decimal|SDOPDJ:int|SDXKCO:nchar|SDXORN:int|SDXCTO:nchar|SDXLLN:decimal|SDXSFX:nchar|SDPOE:nchar|SDPMTO:nchar|SDANBY:int|SDPMTN:nchar|SDNUMB:int|SDAAID:int|SDSPATTN:nvarchar|SDPRAN8:int|SDPRCIDLN:int|SDCCIDLN:int|SDSHCCIDLN:int|SDOPPID:decimal|SDOSTP:nchar|SDUKID:decimal|SDCATNM:nvarchar|SDALLOC:nchar|SDFULPID:decimal|SDALLSTS:nvarchar|SDOSCORE:decimal|SDOSCOREO:nchar|SDCMCO:nchar|SDKITID:decimal|SDKITAMTDOM:decimal|SDKITAMTFOR:decimal|SDKITDIRTY:nchar|SDOCITT:nchar|SDOCCARDNO:int|SDPMPN:nvarchar|SDPNS:decimal
PRODDTA,F4201_ARCH,SHKCOO:nchar|SHDOCO:int|SHDCTO:nchar|SHSFXO:nchar|SHMCU:nchar|SHCO:nchar|SHOKCO:nchar|SHOORN:nchar|SHOCTO:nchar|SHRKCO:nchar|SHRORN:nchar|SHRCTO:nchar|SHAN8:int|SHSHAN:int|SHPA8:int|SHDRQJ:int|SHTRDJ:int|SHPDDJ:int|SHOPDJ:int|SHADDJ:int|SHCNDJ:int|SHPEFJ:int|SHPPDJ:int|SHVR01:nvarchar|SHVR02:nvarchar|SHDEL1:nvarchar|SHDEL2:nvarchar|SHINMG:nchar|SHPTC:nchar|SHRYIN:nchar|SHASN:nchar|SHPRGP:nchar|SHTRDC:decimal|SHPCRT:decimal|SHTXA1:nchar|SHEXR1:nchar|SHTXCT:nvarchar|SHATXT:nchar|SHPRIO:nchar|SHBACK:nchar|SHSBAL:nchar|SHHOLD:nchar|SHPLST:nchar|SHINVC:int|SHNTR:nchar|SHANBY:int|SHCARS:int|SHMOT:nchar|SHCOT:nchar|SHROUT:nchar|SHSTOP:nchar|SHZON:nchar|SHCNID:nvarchar|SHFRTH:nchar|SHAFT:nchar|SHFUF1:nchar|SHFRTC:nchar|SHMORD:nchar|SHRCD:nchar|SHFUF2:nchar|SHOTOT:decimal|SHTOTC:decimal|SHWUMD:nchar|SHVUMD:nchar|SHAUTN:nchar|SHCACT:nvarchar|SHCEXP:int|SHSBLI:nchar|SHCRMD:nchar|SHCRRM:nchar|SHCRCD:nchar|SHCRR:decimal|SHLNGP:nchar|SHFAP:decimal|SHFCST:decimal|SHORBY:nchar|SHTKBY:nchar|SHURCD:nchar|SHURDT:int|SHURAT:decimal|SHURAB:int|SHURRF:nvarchar|SHUSER:nchar|SHPID:nchar|SHJOBN:nchar|SHUPMJ:int|SHTDAY:int|SHIR01:nvarchar|SHIR02:nvarchar|SHIR03:nvarchar|SHIR04:nvarchar|SHIR05:nvarchar|SHVR03:nvarchar|SHSOOR:decimal|SHPMDT:int|SHRSDT:int|SHRQSJ:int|SHPSTM:int|SHPDTT:int|SHOPTT:int|SHDRQT:int|SHADTM:int|SHADLJ:int|SHPBAN:int|SHITAN:int|SHFTAN:int|SHDVAN:int|SHDOC1:int|SHDCT4:nchar|SHCORD:int|SHBSC:nchar|SHBCRC:nchar|SHAUFT:nchar|SHAUFI:nchar|SHOPBO:nvarchar|SHOPTC:decimal|SHOPLD:int|SHOPBK:decimal|SHOPSB:decimal|SHOPPS:nvarchar|SHOPPL:nchar|SHOPMS:nchar|SHOPSS:nchar|SHOPBA:nchar|SHOPLL:nchar|SHPRAN8:int|SHOPPID:decimal|SHSDATTN:nvarchar|SHSPATTN:nvarchar|SHOTIND:nchar|SHPRCIDLN:int|SHCCIDLN:int|SHSHCCIDLN:int
PRODDTA,F4311_ARCH,PDKCOO:nchar|PDDOCO:int|PDDCTO:nchar|PDSFXO:nchar|PDLNID:decimal|PDMCU:nchar|PDCO:nchar|PDOKCO:nchar|PDOORN:nchar|PDOCTO:nchar|PDOGNO:decimal|PDRKCO:nchar|PDRORN:nchar|PDRCTO:nchar|PDRLLN:decimal|PDDMCT:nchar|PDDMCS:int|PDBALU:nchar|PDAN8:int|PDSHAN:int|PDDRQJ:int|PDTRDJ:int|PDPDDJ:int|PDOPDJ:int|PDADDJ:int|PDCNDJ:int|PDPEFJ:int|PDPPDJ:int|PDPSDJ:int|PDDSVJ:int|PDDGL:int|PDPN:int|PDVR01:nvarchar|PDVR02:nvarchar|PDITM:int|PDLITM:nvarchar|PDAITM:nvarchar|PDLOCN:nvarchar|PDLOTN:nvarchar|PDFRGD:nchar|PDTHGD:nchar|PDFRMP:decimal|PDTHRP:decimal|PDDSC1:nvarchar|PDDSC2:nvarchar|PDLNTY:nchar|PDNXTR:nchar|PDLTTR:nchar|PDRLIT:nchar|PDPDS1:nchar|PDPDS2:nchar|PDPDS3:nchar|PDPDS4:nchar|PDPDS5:nchar|PDPDP1:nchar|PDPDP2:nchar|PDPDP3:nchar|PDPDP4:nchar|PDPDP5:nchar|PDUOM:nchar|PDUORG:decimal|PDUCHG:decimal|PDUOPN:decimal|PDUREC:decimal|PDCREC:decimal|PDURLV:decimal|PDOTQY:nchar|PDPRRC:decimal|PDAEXP:decimal|PDACHG:decimal|PDAOPN:decimal|PDAREC:decimal|PDARLV:decimal|PDFTN1:decimal|PDTRLV:decimal|PDPROV:nchar|PDAMC3:decimal|PDECST:decimal|PDCSTO:nchar|PDCSMP:nchar|PDINMG:nchar|PDASN:nchar|PDPRGR:nchar|PDCLVL:nchar|PDCATN:nchar|PDDSPR:decimal|PDPTC:nchar|PDTX:nchar|PDEXR1:nchar|PDTXA1:nchar|PDATXT:nchar|PDCNID:nvarchar|PDCDCD:nvarchar|PDNTR:nchar|PDFRTH:nchar|PDFRTC:nchar|PDZON:nchar|PDFRAT:nchar|PDRATT:nchar|PDANBY:int|PDANCR:int|PDMOT:nchar|PDCOT:nchar|PDSHCM:nchar|PDSHCN:nchar|PDUOM1:nchar|PDPQOR:decimal|PDUOM2:nchar|PDSQOR:decimal|PDUOM3:nchar|PDITWT:decimal|PDWTUM:nchar|PDITVL:decimal|PDVLUM:nchar|PDGLC:nchar|PDCTRY:int|PDFY:int|PDSTTS:nchar|PDRCD:nchar|PDFUF1:nchar|PDFUF2:nchar|PDGRWT:decimal|PDGWUM:nchar|PDLT:nchar|PDANI:nvarchar|PDAID:nchar|PDOMCU:nchar|PDOBJ:nchar|PDSUB:nchar|PDSBLT:nchar|PDSBL:nchar|PDASID:nvarchar|PDCCMP:int|PDTAG:nchar|PDWR01:nchar|PDPL:nchar|PDELEV:nchar|PDR001:nchar|PDRTNR:nchar|PDLCOD:nchar|PDPURG:nchar|PDPROM:nchar|PDFNLP:nchar|PDAVCH:nchar|PDPRPY:nchar|PDUNCD:nchar|PDMATY:nchar|PDRTGC:nchar|PDRCPF:nchar|PDPS01:nchar|PDPS02:nchar|PDPS03:nchar|PDPS04:nchar|PDPS05:nchar|PDPS06:nchar|PDPS07:nchar|PDPS08:nchar|PDPS09:nchar|PDPS10:nchar|PDCRMD:nchar|PDARTG:nchar|PDCORD:int|PDCHDT:nchar|PDDOCC:int|PDCHLN:decimal|PDCRCD:nchar|PDCRR:decimal|PDFRRC:decimal|PDFEA:decimal|PDFUC:decimal|PDFEC:decimal|PDFCHG:decimal|PDFAP:decimal|PDFREC:decimal|PDURCD:nchar|PDURDT:int|PDURAT:decimal|PDURAB:int|PDURRF:nvarchar|PDTORG:nchar|PDUSER:nchar|PDPID:nchar|PDJOBN:nchar|PDUPMJ:int|PDTDAY:int|PDVR05:nvarchar|PDVR04:nvarchar|PDSHPN:int|PDRSHT:int|PDPRJM:int|PDOSFX:nchar|PDMERL:nchar|PDMCLN:decimal|PDMACT:nchar|PDKTLN:decimal|PDFTRL:decimal|PDDUAL:nchar|PDDRQT:int|PDDLEJ:int|PDCTAM:decimal|PDCPNT:decimal|PDCHT:int|PDCHRT:int|PDCHRS:nchar|PDCHMJ:int|PDBCRC:nchar|PDVR03:nvarchar|PDLDNM:int|PDMKFR:int|PDPMTN:nchar|PDUKID:decimal|PDUNSPSC:nchar|PDCMDCDE:nvarchar|PDRSFX:nchar|PDWVID:int|PDCNTRTID:int|PDCNTRTDID:decimal|PDMOADJ:nchar|PDPODC01:nchar|PDPODC02:nchar|PDPODC03:nchar|PDPODC04:nchar|PDJBCD:nchar|PDSRQTY:decimal|PDSRUOM:nchar|PDCFGFL:nchar|PDPMPN:nvarchar|PDPNS:decimal
PRODDTA,F4801_ARCH,WADCTO:nchar|WADOCO:int|WASFXO:nchar|WARCTO:nchar|WARORN:nchar|WALNID:decimal|WAPTWO:int|WAPARS:nchar|WATYPS:nchar|WAPRTS:nchar|WADL01:nvarchar|WASTCM:nvarchar|WACO:nchar|WAMCU:nchar|WAMMCU:nchar|WALOCN:nvarchar|WAAISL:nchar|WABIN:nchar|WASRST:nchar|WADCG:int|WASUB:nchar|WAAN8:int|WAANO:int|WAANSA:int|WAANPA:int|WAANP:int|WADPL:int|WAANT:int|WANAN8:int|WATRDJ:int|WASTRT:int|WADRQJ:int|WASTRX:int|WADAP:int|WADAT:int|WAPPDT:int|WAWR01:nchar|WAWR02:nchar|WAWR03:nchar|WAWR04:nchar|WAWR05:nchar|WAWR06:nchar|WAWR07:nchar|WAWR08:nchar|WAWR09:nchar|WAWR10:nchar|WAVR01:nvarchar|WAVR02:nvarchar|WAAMTO:decimal|WASETC:decimal|WABRT:decimal|WAPAYT:nchar|WAAMTC:decimal|WAHRSO:decimal|WAHRSC:decimal|WAAMTA:decimal|WAHRSA:decimal|WAITM:int|WAAITM:nvarchar|WALITM:nvarchar|WANUMB:int|WAAPID:nchar|WAUORG:decimal|WASOBK:decimal|WASOCN:decimal|WASOQS:decimal|WAQTYT:decimal|WAUOM:nchar|WASHNO:nchar|WAPBTM:int|WATBM:nchar|WATRT:nchar|WASHTY:nchar|WAPEC:nchar|WAPPFG:nchar|WABM:nchar|WARTG:nchar|WASPRT:nchar|WAUNCD:nchar|WAINDC:nchar|WARESC:decimal|WAMOH:decimal|WATDT:int|WAPOU:decimal|WAPC:decimal|WALTLV:decimal|WALTCM:decimal|WACTS1:decimal|WALOTN:nvarchar|WALOTP:decimal|WALOTG:nchar|WARAT1:decimal|WARAT2:decimal|WADCT:nchar|WASBLI:nchar|WARKCO:nchar|WABREV:nchar|WARREV:nchar|WADRWC:nchar|WARTCH:nchar|WAPNRQ:nchar|WAREAS:nchar|WAPHSE:nchar|WAXDSP:nchar|WABOMC:nchar|WAURCD:nchar|WAURDT:int|WAURAT:decimal|WAURAB:decimal|WAURRF:nvarchar|WAUSER:nchar|WAPID:nchar|WAJOBN:nchar|WAUPMJ:int|WATDAY:int|WAAAID:int|WANTST:nchar|WAXRTO:decimal|WAESDN:decimal|WAACDN:decimal|WASAID:int|WAMPOS:decimal|WAAPRT:nchar|WAAMLC:decimal|WAAMMC:decimal|WAAMOT:decimal|WALBAM:decimal|WAMTAM:decimal
PRODDTA,F3111_ARCH,WMDOCO:int|WMDCTO:nchar|WMSFXO:nchar|WMTBM:nchar|WMFORQ:nchar|WMITC:nchar|WMCOBY:nchar|WMCOTY:nchar|WMCPNT:decimal|WMFRMP:decimal|WMTHRP:decimal|WMFRGD:nchar|WMTHGD:nchar|WMRKCO:nchar|WMRORN:nchar|WMRCTO:nchar|WMRLLN:decimal|WMOPSQ:decimal|WMBSEQ:decimal|WMRSCP:decimal|WMSCRP:decimal|WMREWP:decimal|WMASIP:decimal|WMCPYP:decimal|WMSTPP:decimal|WMLOVD:decimal|WMCPIT:int|WMCPIL:nvarchar|WMCPIA:nvarchar|WMCMCU:nchar|WMDSC1:nvarchar|WMDSC2:nvarchar|WMLOCN:nvarchar|WMLOTN:nvarchar|WMAN8:int|WMLNTY:nchar|WMSERN:nvarchar|WMTRDJ:int|WMDRQJ:int|WMUORG:decimal|WMTRQT:decimal|WMSOCN:decimal|WMSOBK:decimal|WMCTS1:decimal|WMQNTA:decimal|WMUM:nchar|WMEA:decimal|WMRTG:nchar|WMMTST:nchar|WMDCT:nchar|WMSHNO:nchar|WMMCU:nchar|WMOMCU:nchar|WMOBJ:nchar|WMSUB:nchar|WMCMRV:nchar|WMSTRX:int|WMPARS:nchar|WMCOMM:nchar|WMURCD:nchar|WMURDT:int|WMURAT:decimal|WMURRF:nvarchar|WMURAB:decimal|WMUSER:nchar|WMPID:nchar|WMJOBN:nchar|WMUPMJ:int|WMTDAY:int|WMUKID:decimal|WMVEND:decimal|WMPOC:nchar|WMCTS4:decimal|WMCTS7:decimal|WMCTS8:decimal|WMGLD:int|WMSBFL:nchar|WMAING:nchar|WMSSTQ:decimal|WMUOM2:nchar|WMAPSC:nchar|WMPSN:int|WMDLEJ:int|WMCOST:nchar|WMCHPP:nchar|WMCPNB:decimal|WMBSEQAN:nchar
